State,Rank,Destination,Year,Source_Report,Source_Table,Source_Sheet,Source_File
Johor,1,Paradigm Mall Johor Bahru,2024,Domestic Tourism Survey 2024: Publication Tables,"Table 8A: Top Five Destinations Most Visited by Domestic Visitors, 2024",8A,Publication Table DTS 2024 (1).xlsx
Johor,2,Toppen Shopping Centre,2024,Domestic Tourism Survey 2024: Publication Tables,"Table 8A: Top Five Destinations Most Visited by Domestic Visitors, 2024",8A,Publication Table DTS 2024 (1).xlsx
Johor,3,Legoland Malaysia,2024,Domestic Tourism Survey 2024: Publication Tables,"Table 8A: Top Five Destinations Most Visited by Domestic Visitors, 2024",8A,Publication Table DTS 2024 (1).xlsx
Johor,4,Air Terjun Gunung Ledang,2024,Domestic Tourism Survey 2024: Publication Tables,"Table 8A: Top Five Destinations Most Visited by Domestic Visitors, 2024",8A,Publication Table DTS 2024 (1).xlsx
Johor,5,"The Mall, Mid Valley Southkey",2024,Domestic Tourism Survey 2024: Publication Tables,"Table 8A: Top Five Destinations Most Visited by Domestic Visitors, 2024",8A,Publication Table DTS 2024 (1).xlsx
Perlis,1,Arked Niaga Padang Besar,2024,Domestic Tourism Survey 2024: Publication Tables,"Table 8A: Top Five Destinations Most Visited by Domestic Visitors, 2024",8A,Publication Table DTS 2024 (1).xlsx
Perlis,2,Medan Ikan Bakar Kuala Perlis,2024,Domestic Tourism Survey 2024: Publication Tables,"Table 8A: Top Five Destinations Most Visited by Domestic Visitors, 2024",8A,Publication Table DTS 2024 (1).xlsx
Perlis,3,Padang Waremart,2024,Domestic Tourism Survey 2024: Publication Tables,"Table 8A: Top Five Destinations Most Visited by Domestic Visitors, 2024",8A,Publication Table DTS 2024 (1).xlsx
Perlis,4,Hutan Lipur Bukit Ayer,2024,Domestic Tourism Survey 2024: Publication Tables,"Table 8A: Top Five Destinations Most Visited by Domestic Visitors, 2024",8A,Publication Table DTS 2024 (1).xlsx
Perlis,5,Menara Pandang Wang Kelian,2024,Domestic Tourism Survey 2024: Publication Tables,"Table 8A: Top Five Destinations Most Visited by Domestic Visitors, 2024",8A,Publication Table DTS 2024 (1).xlsx
Kedah,1,Aman Central Mall,2024,Domestic Tourism Survey 2024: Publication Tables,"Table 8A: Top Five Destinations Most Visited by Domestic Visitors, 2024",8A,Publication Table DTS 2024 (1).xlsx
Kedah,2,Amanjaya Mall,2024,Domestic Tourism Survey 2024: Publication Tables,"Table 8A: Top Five Destinations Most Visited by Domestic Visitors, 2024",8A,Publication Table DTS 2024 (1).xlsx
Kedah,3,Pantai Cenang,2024,Domestic Tourism Survey 2024: Publication Tables,"Table 8A: Top Five Destinations Most Visited by Domestic Visitors, 2024",8A,Publication Table DTS 2024 (1).xlsx
Kedah,4,Dataran Lang,2024,Domestic Tourism Survey 2024: Publication Tables,"Table 8A: Top Five Destinations Most Visited by Domestic Visitors, 2024",8A,Publication Table DTS 2024 (1).xlsx
Kedah,5,Pantai Tanjung Dawai,2024,Domestic Tourism Survey 2024: Publication Tables,"Table 8A: Top Five Destinations Most Visited by Domestic Visitors, 2024",8A,Publication Table DTS 2024 (1).xlsx
Selangor,1,IOI City Mall,2024,Domestic Tourism Survey 2024: Publication Tables,"Table 8A: Top Five Destinations Most Visited by Domestic Visitors, 2024",8A,Publication Table DTS 2024 (1).xlsx
Selangor,2,Ikea Damansara,2024,Domestic Tourism Survey 2024: Publication Tables,"Table 8A: Top Five Destinations Most Visited by Domestic Visitors, 2024",8A,Publication Table DTS 2024 (1).xlsx
Selangor,3,Sunway Pyramid,2024,Domestic Tourism Survey 2024: Publication Tables,"Table 8A: Top Five Destinations Most Visited by Domestic Visitors, 2024",8A,Publication Table DTS 2024 (1).xlsx
Selangor,4,1 Utama Shopping Centre,2024,Domestic Tourism Survey 2024: Publication Tables,"Table 8A: Top Five Destinations Most Visited by Domestic Visitors, 2024",8A,Publication Table DTS 2024 (1).xlsx
Selangor,5,Batu Caves,2024,Domestic Tourism Survey 2024: Publication Tables,"Table 8A: Top Five Destinations Most Visited by Domestic Visitors, 2024",8A,Publication Table DTS 2024 (1).xlsx
Kelantan,1,AEON Lembah Sireh,2024,Domestic Tourism Survey 2024: Publication Tables,"Table 8A: Top Five Destinations Most Visited by Domestic Visitors, 2024",8A,Publication Table DTS 2024 (1).xlsx
Kelantan,2,Pasar Siti Khadijah,2024,Domestic Tourism Survey 2024: Publication Tables,"Table 8A: Top Five Destinations Most Visited by Domestic Visitors, 2024",8A,Publication Table DTS 2024 (1).xlsx
Kelantan,3,KB Mall,2024,Domestic Tourism Survey 2024: Publication Tables,"Table 8A: Top Five Destinations Most Visited by Domestic Visitors, 2024",8A,Publication Table DTS 2024 (1).xlsx
Kelantan,4,Pasar Malam Wakaf Che Yeh,2024,Domestic Tourism Survey 2024: Publication Tables,"Table 8A: Top Five Destinations Most Visited by Domestic Visitors, 2024",8A,Publication Table DTS 2024 (1).xlsx
Kelantan,5,Pantai Cahaya Bulan,2024,Domestic Tourism Survey 2024: Publication Tables,"Table 8A: Top Five Destinations Most Visited by Domestic Visitors, 2024",8A,Publication Table DTS 2024 (1).xlsx
Terengganu,1,KTCC Mall,2024,Domestic Tourism Survey 2024: Publication Tables,"Table 8A: Top Five Destinations Most Visited by Domestic Visitors, 2024",8A,Publication Table DTS 2024 (1).xlsx
Terengganu,2,Terengganu Drawbridge,2024,Domestic Tourism Survey 2024: Publication Tables,"Table 8A: Top Five Destinations Most Visited by Domestic Visitors, 2024",8A,Publication Table DTS 2024 (1).xlsx
Terengganu,3,Pantai Batu Buruk,2024,Domestic Tourism Survey 2024: Publication Tables,"Table 8A: Top Five Destinations Most Visited by Domestic Visitors, 2024",8A,Publication Table DTS 2024 (1).xlsx
Terengganu,4,Pasar Besar Kedai Payang,2024,Domestic Tourism Survey 2024: Publication Tables,"Table 8A: Top Five Destinations Most Visited by Domestic Visitors, 2024",8A,Publication Table DTS 2024 (1).xlsx
Terengganu,5,Pesisir Pantai Seberang Takir,2024,Domestic Tourism Survey 2024: Publication Tables,"Table 8A: Top Five Destinations Most Visited by Domestic Visitors, 2024",8A,Publication Table DTS 2024 (1).xlsx
Melaka,1,Pantai Klebang,2024,Domestic Tourism Survey 2024: Publication Tables,"Table 8A: Top Five Destinations Most Visited by Domestic Visitors, 2024",8A,Publication Table DTS 2024 (1).xlsx
Melaka,2,Jonker Street,2024,Domestic Tourism Survey 2024: Publication Tables,"Table 8A: Top Five Destinations Most Visited by Domestic Visitors, 2024",8A,Publication Table DTS 2024 (1).xlsx
Melaka,3,Mahkota Parade,2024,Domestic Tourism Survey 2024: Publication Tables,"Table 8A: Top Five Destinations Most Visited by Domestic Visitors, 2024",8A,Publication Table DTS 2024 (1).xlsx
Melaka,4,Dataran Pahlawan,2024,Domestic Tourism Survey 2024: Publication Tables,"Table 8A: Top Five Destinations Most Visited by Domestic Visitors, 2024",8A,Publication Table DTS 2024 (1).xlsx
Melaka,5,Zoo Melaka,2024,Domestic Tourism Survey 2024: Publication Tables,"Table 8A: Top Five Destinations Most Visited by Domestic Visitors, 2024",8A,Publication Table DTS 2024 (1).xlsx
Sabah,1,Imago Shopping Mall,2024,Domestic Tourism Survey 2024: Publication Tables,"Table 8A: Top Five Destinations Most Visited by Domestic Visitors, 2024",8A,Publication Table DTS 2024 (1).xlsx
Sabah,2,One Borneo Hypermall,2024,Domestic Tourism Survey 2024: Publication Tables,"Table 8A: Top Five Destinations Most Visited by Domestic Visitors, 2024",8A,Publication Table DTS 2024 (1).xlsx
Sabah,3,Suria Sabah Shopping Mall,2024,Domestic Tourism Survey 2024: Publication Tables,"Table 8A: Top Five Destinations Most Visited by Domestic Visitors, 2024",8A,Publication Table DTS 2024 (1).xlsx
Sabah,4,Centre Point Sabah,2024,Domestic Tourism Survey 2024: Publication Tables,"Table 8A: Top Five Destinations Most Visited by Domestic Visitors, 2024",8A,Publication Table DTS 2024 (1).xlsx
Sabah,5,Pantai Tanjung Aru,2024,Domestic Tourism Survey 2024: Publication Tables,"Table 8A: Top Five Destinations Most Visited by Domestic Visitors, 2024",8A,Publication Table DTS 2024 (1).xlsx
Negeri Sembilan,1,Palm Mall Seremban,2024,Domestic Tourism Survey 2024: Publication Tables,"Table 8A: Top Five Destinations Most Visited by Domestic Visitors, 2024",8A,Publication Table DTS 2024 (1).xlsx
Negeri Sembilan,2,City Park Seremban 2,2024,Domestic Tourism Survey 2024: Publication Tables,"Table 8A: Top Five Destinations Most Visited by Domestic Visitors, 2024",8A,Publication Table DTS 2024 (1).xlsx
Negeri Sembilan,3,Dataran Nilai,2024,Domestic Tourism Survey 2024: Publication Tables,"Table 8A: Top Five Destinations Most Visited by Domestic Visitors, 2024",8A,Publication Table DTS 2024 (1).xlsx
Negeri Sembilan,4,Pantai Teluk Kemang,2024,Domestic Tourism Survey 2024: Publication Tables,"Table 8A: Top Five Destinations Most Visited by Domestic Visitors, 2024",8A,Publication Table DTS 2024 (1).xlsx
Negeri Sembilan,5,Pantai Port Dickson,2024,Domestic Tourism Survey 2024: Publication Tables,"Table 8A: Top Five Destinations Most Visited by Domestic Visitors, 2024",8A,Publication Table DTS 2024 (1).xlsx
Sarawak,1,Daesco Star Mega Mall,2024,Domestic Tourism Survey 2024: Publication Tables,"Table 8A: Top Five Destinations Most Visited by Domestic Visitors, 2024",8A,Publication Table DTS 2024 (1).xlsx
Sarawak,2,The Spring Mall Bintulu,2024,Domestic Tourism Survey 2024: Publication Tables,"Table 8A: Top Five Destinations Most Visited by Domestic Visitors, 2024",8A,Publication Table DTS 2024 (1).xlsx
Sarawak,3,Pasar Sentral Sibu,2024,Domestic Tourism Survey 2024: Publication Tables,"Table 8A: Top Five Destinations Most Visited by Domestic Visitors, 2024",8A,Publication Table DTS 2024 (1).xlsx
Sarawak,4,Vivacity Megamall,2024,Domestic Tourism Survey 2024: Publication Tables,"Table 8A: Top Five Destinations Most Visited by Domestic Visitors, 2024",8A,Publication Table DTS 2024 (1).xlsx
Sarawak,5,Wisma Sanyan,2024,Domestic Tourism Survey 2024: Publication Tables,"Table 8A: Top Five Destinations Most Visited by Domestic Visitors, 2024",8A,Publication Table DTS 2024 (1).xlsx
Pahang,1,East Cost Mall (ECM),2024,Domestic Tourism Survey 2024: Publication Tables,"Table 8A: Top Five Destinations Most Visited by Domestic Visitors, 2024",8A,Publication Table DTS 2024 (1).xlsx
Pahang,2,Pantai Teluk Cempedak,2024,Domestic Tourism Survey 2024: Publication Tables,"Table 8A: Top Five Destinations Most Visited by Domestic Visitors, 2024",8A,Publication Table DTS 2024 (1).xlsx
Pahang,3,Kuantan Parade,2024,Domestic Tourism Survey 2024: Publication Tables,"Table 8A: Top Five Destinations Most Visited by Domestic Visitors, 2024",8A,Publication Table DTS 2024 (1).xlsx
Pahang,4,Genting Highlands,2024,Domestic Tourism Survey 2024: Publication Tables,"Table 8A: Top Five Destinations Most Visited by Domestic Visitors, 2024",8A,Publication Table DTS 2024 (1).xlsx
Pahang,5,Cameron Highlands,2024,Domestic Tourism Survey 2024: Publication Tables,"Table 8A: Top Five Destinations Most Visited by Domestic Visitors, 2024",8A,Publication Table DTS 2024 (1).xlsx
W.P. Kuala Lumpur,1,SOGO,2024,Domestic Tourism Survey 2024: Publication Tables,"Table 8A: Top Five Destinations Most Visited by Domestic Visitors, 2024",8A,Publication Table DTS 2024 (1).xlsx
W.P. Kuala Lumpur,2,Mid Valley Megamall,2024,Domestic Tourism Survey 2024: Publication Tables,"Table 8A: Top Five Destinations Most Visited by Domestic Visitors, 2024",8A,Publication Table DTS 2024 (1).xlsx
W.P. Kuala Lumpur,3,Suria KLCC,2024,Domestic Tourism Survey 2024: Publication Tables,"Table 8A: Top Five Destinations Most Visited by Domestic Visitors, 2024",8A,Publication Table DTS 2024 (1).xlsx
W.P. Kuala Lumpur,4,Petaling Street Market,2024,Domestic Tourism Survey 2024: Publication Tables,"Table 8A: Top Five Destinations Most Visited by Domestic Visitors, 2024",8A,Publication Table DTS 2024 (1).xlsx
W.P. Kuala Lumpur,5,Pasar Seni,2024,Domestic Tourism Survey 2024: Publication Tables,"Table 8A: Top Five Destinations Most Visited by Domestic Visitors, 2024",8A,Publication Table DTS 2024 (1).xlsx
Pulau Pinang,1,Queensbay Mall,2024,Domestic Tourism Survey 2024: Publication Tables,"Table 8A: Top Five Destinations Most Visited by Domestic Visitors, 2024",8A,Publication Table DTS 2024 (1).xlsx
Pulau Pinang,2,Pantai Batu Ferringhi,2024,Domestic Tourism Survey 2024: Publication Tables,"Table 8A: Top Five Destinations Most Visited by Domestic Visitors, 2024",8A,Publication Table DTS 2024 (1).xlsx
Pulau Pinang,3,Sunway Carnival Mall,2024,Domestic Tourism Survey 2024: Publication Tables,"Table 8A: Top Five Destinations Most Visited by Domestic Visitors, 2024",8A,Publication Table DTS 2024 (1).xlsx
Pulau Pinang,4,Gurney Plaza,2024,Domestic Tourism Survey 2024: Publication Tables,"Table 8A: Top Five Destinations Most Visited by Domestic Visitors, 2024",8A,Publication Table DTS 2024 (1).xlsx
Pulau Pinang,5,Bukit Bendera,2024,Domestic Tourism Survey 2024: Publication Tables,"Table 8A: Top Five Destinations Most Visited by Domestic Visitors, 2024",8A,Publication Table DTS 2024 (1).xlsx
W.P. Labuan,1,Kompleks Ujana Kewangan,2024,Domestic Tourism Survey 2024: Publication Tables,"Table 8A: Top Five Destinations Most Visited by Domestic Visitors, 2024",8A,Publication Table DTS 2024 (1).xlsx
W.P. Labuan,2,Dataran Labuan,2024,Domestic Tourism Survey 2024: Publication Tables,"Table 8A: Top Five Destinations Most Visited by Domestic Visitors, 2024",8A,Publication Table DTS 2024 (1).xlsx
W.P. Labuan,3,Pantai Pohon Batu,2024,Domestic Tourism Survey 2024: Publication Tables,"Table 8A: Top Five Destinations Most Visited by Domestic Visitors, 2024",8A,Publication Table DTS 2024 (1).xlsx
W.P. Labuan,4,Kompleks Sukan Laut Antarabangsa Labuan,2024,Domestic Tourism Survey 2024: Publication Tables,"Table 8A: Top Five Destinations Most Visited by Domestic Visitors, 2024",8A,Publication Table DTS 2024 (1).xlsx
W.P. Labuan,5,Kampung Patau-Patau,2024,Domestic Tourism Survey 2024: Publication Tables,"Table 8A: Top Five Destinations Most Visited by Domestic Visitors, 2024",8A,Publication Table DTS 2024 (1).xlsx
Perak,1,Teluk Batik,2024,Domestic Tourism Survey 2024: Publication Tables,"Table 8A: Top Five Destinations Most Visited by Domestic Visitors, 2024",8A,Publication Table DTS 2024 (1).xlsx
Perak,2,Lumut Waterfront,2024,Domestic Tourism Survey 2024: Publication Tables,"Table 8A: Top Five Destinations Most Visited by Domestic Visitors, 2024",8A,Publication Table DTS 2024 (1).xlsx
Perak,3,Ipoh Night Market,2024,Domestic Tourism Survey 2024: Publication Tables,"Table 8A: Top Five Destinations Most Visited by Domestic Visitors, 2024",8A,Publication Table DTS 2024 (1).xlsx
Perak,4,Taman Rekreasi Gunung Lang,2024,Domestic Tourism Survey 2024: Publication Tables,"Table 8A: Top Five Destinations Most Visited by Domestic Visitors, 2024",8A,Publication Table DTS 2024 (1).xlsx
Perak,5,Pulau Pangkor,2024,Domestic Tourism Survey 2024: Publication Tables,"Table 8A: Top Five Destinations Most Visited by Domestic Visitors, 2024",8A,Publication Table DTS 2024 (1).xlsx
W.P. Putrajaya,1,"Dataran Putrajaya, Presint 3",2024,Domestic Tourism Survey 2024: Publication Tables,"Table 8A: Top Five Destinations Most Visited by Domestic Visitors, 2024",8A,Publication Table DTS 2024 (1).xlsx
W.P. Putrajaya,2,Alamanda Shopping Centre,2024,Domestic Tourism Survey 2024: Publication Tables,"Table 8A: Top Five Destinations Most Visited by Domestic Visitors, 2024",8A,Publication Table DTS 2024 (1).xlsx
W.P. Putrajaya,3,Masjid Putra,2024,Domestic Tourism Survey 2024: Publication Tables,"Table 8A: Top Five Destinations Most Visited by Domestic Visitors, 2024",8A,Publication Table DTS 2024 (1).xlsx
W.P. Putrajaya,4,Cruise Tasik Putrajaya,2024,Domestic Tourism Survey 2024: Publication Tables,"Table 8A: Top Five Destinations Most Visited by Domestic Visitors, 2024",8A,Publication Table DTS 2024 (1).xlsx
W.P. Putrajaya,5,Dataran Putra,2024,Domestic Tourism Survey 2024: Publication Tables,"Table 8A: Top Five Destinations Most Visited by Domestic Visitors, 2024",8A,Publication Table DTS 2024 (1).xlsx
