Origin_State,Destination_State,Tourists_000,Is_Origin_Total,Is_Destination_Total,Year,Source_Report,Source_Table,Source_Sheet,Source_File
Malaysia,Malaysia,93445.323,TRUE,TRUE,2024,Domestic Tourism Survey 2024: Publication Tables,"Table 10: Number of Tourists by State Visited, 2024",10,Publication Table DTS 2024 (1).xlsx
Malaysia,Johor,9481.062,TRUE,FALSE,2024,Domestic Tourism Survey 2024: Publication Tables,"Table 10: Number of Tourists by State Visited, 2024",10,Publication Table DTS 2024 (1).xlsx
Malaysia,Kedah,6854.418,TRUE,FALSE,2024,Domestic Tourism Survey 2024: Publication Tables,"Table 10: Number of Tourists by State Visited, 2024",10,Publication Table DTS 2024 (1).xlsx
Malaysia,Kelantan,5863.78,TRUE,FALSE,2024,Domestic Tourism Survey 2024: Publication Tables,"Table 10: Number of Tourists by State Visited, 2024",10,Publication Table DTS 2024 (1).xlsx
Malaysia,Melaka,6158.368,TRUE,FALSE,2024,Domestic Tourism Survey 2024: Publication Tables,"Table 10: Number of Tourists by State Visited, 2024",10,Publication Table DTS 2024 (1).xlsx
Malaysia,Negeri Sembilan,5987.543,TRUE,FALSE,2024,Domestic Tourism Survey 2024: Publication Tables,"Table 10: Number of Tourists by State Visited, 2024",10,Publication Table DTS 2024 (1).xlsx
Malaysia,Pahang,9525.838,TRUE,FALSE,2024,Domestic Tourism Survey 2024: Publication Tables,"Table 10: Number of Tourists by State Visited, 2024",10,Publication Table DTS 2024 (1).xlsx
Malaysia,Pulau Pinang,4766.021,TRUE,FALSE,2024,Domestic Tourism Survey 2024: Publication Tables,"Table 10: Number of Tourists by State Visited, 2024",10,Publication Table DTS 2024 (1).xlsx
Malaysia,Perak,10208.952,TRUE,FALSE,2024,Domestic Tourism Survey 2024: Publication Tables,"Table 10: Number of Tourists by State Visited, 2024",10,Publication Table DTS 2024 (1).xlsx
Malaysia,Perlis,1262.039,TRUE,FALSE,2024,Domestic Tourism Survey 2024: Publication Tables,"Table 10: Number of Tourists by State Visited, 2024",10,Publication Table DTS 2024 (1).xlsx
Malaysia,Selangor,9574.385,TRUE,FALSE,2024,Domestic Tourism Survey 2024: Publication Tables,"Table 10: Number of Tourists by State Visited, 2024",10,Publication Table DTS 2024 (1).xlsx
Malaysia,Terengganu,4918.404,TRUE,FALSE,2024,Domestic Tourism Survey 2024: Publication Tables,"Table 10: Number of Tourists by State Visited, 2024",10,Publication Table DTS 2024 (1).xlsx
Malaysia,Sabah,6081.485,TRUE,FALSE,2024,Domestic Tourism Survey 2024: Publication Tables,"Table 10: Number of Tourists by State Visited, 2024",10,Publication Table DTS 2024 (1).xlsx
Malaysia,Sarawak,5701.034,TRUE,FALSE,2024,Domestic Tourism Survey 2024: Publication Tables,"Table 10: Number of Tourists by State Visited, 2024",10,Publication Table DTS 2024 (1).xlsx
Malaysia,W.P. Kuala Lumpur,6216.3,TRUE,FALSE,2024,Domestic Tourism Survey 2024: Publication Tables,"Table 10: Number of Tourists by State Visited, 2024",10,Publication Table DTS 2024 (1).xlsx
Malaysia,W.P. Labuan,194.1,TRUE,FALSE,2024,Domestic Tourism Survey 2024: Publication Tables,"Table 10: Number of Tourists by State Visited, 2024",10,Publication Table DTS 2024 (1).xlsx
Malaysia,W.P. Putrajaya,651.594,TRUE,FALSE,2024,Domestic Tourism Survey 2024: Publication Tables,"Table 10: Number of Tourists by State Visited, 2024",10,Publication Table DTS 2024 (1).xlsx
Johor,Malaysia,11279.798,FALSE,TRUE,2024,Domestic Tourism Survey 2024: Publication Tables,"Table 10: Number of Tourists by State Visited, 2024",10,Publication Table DTS 2024 (1).xlsx
Johor,Johor,3704.714,FALSE,FALSE,2024,Domestic Tourism Survey 2024: Publication Tables,"Table 10: Number of Tourists by State Visited, 2024",10,Publication Table DTS 2024 (1).xlsx
Johor,Kedah,196.667,FALSE,FALSE,2024,Domestic Tourism Survey 2024: Publication Tables,"Table 10: Number of Tourists by State Visited, 2024",10,Publication Table DTS 2024 (1).xlsx
Johor,Kelantan,425.275,FALSE,FALSE,2024,Domestic Tourism Survey 2024: Publication Tables,"Table 10: Number of Tourists by State Visited, 2024",10,Publication Table DTS 2024 (1).xlsx
Johor,Melaka,1528.012,FALSE,FALSE,2024,Domestic Tourism Survey 2024: Publication Tables,"Table 10: Number of Tourists by State Visited, 2024",10,Publication Table DTS 2024 (1).xlsx
Johor,Negeri Sembilan,616.968,FALSE,FALSE,2024,Domestic Tourism Survey 2024: Publication Tables,"Table 10: Number of Tourists by State Visited, 2024",10,Publication Table DTS 2024 (1).xlsx
Johor,Pahang,919.966,FALSE,FALSE,2024,Domestic Tourism Survey 2024: Publication Tables,"Table 10: Number of Tourists by State Visited, 2024",10,Publication Table DTS 2024 (1).xlsx
Johor,Pulau Pinang,221.252,FALSE,FALSE,2024,Domestic Tourism Survey 2024: Publication Tables,"Table 10: Number of Tourists by State Visited, 2024",10,Publication Table DTS 2024 (1).xlsx
Johor,Perak,403.301,FALSE,FALSE,2024,Domestic Tourism Survey 2024: Publication Tables,"Table 10: Number of Tourists by State Visited, 2024",10,Publication Table DTS 2024 (1).xlsx
Johor,Perlis,95.567,FALSE,FALSE,2024,Domestic Tourism Survey 2024: Publication Tables,"Table 10: Number of Tourists by State Visited, 2024",10,Publication Table DTS 2024 (1).xlsx
Johor,Selangor,1746.841,FALSE,FALSE,2024,Domestic Tourism Survey 2024: Publication Tables,"Table 10: Number of Tourists by State Visited, 2024",10,Publication Table DTS 2024 (1).xlsx
Johor,Terengganu,188.495,FALSE,FALSE,2024,Domestic Tourism Survey 2024: Publication Tables,"Table 10: Number of Tourists by State Visited, 2024",10,Publication Table DTS 2024 (1).xlsx
Johor,Sabah,168.943,FALSE,FALSE,2024,Domestic Tourism Survey 2024: Publication Tables,"Table 10: Number of Tourists by State Visited, 2024",10,Publication Table DTS 2024 (1).xlsx
Johor,Sarawak,209.896,FALSE,FALSE,2024,Domestic Tourism Survey 2024: Publication Tables,"Table 10: Number of Tourists by State Visited, 2024",10,Publication Table DTS 2024 (1).xlsx
Johor,W.P. Kuala Lumpur,787.645,FALSE,FALSE,2024,Domestic Tourism Survey 2024: Publication Tables,"Table 10: Number of Tourists by State Visited, 2024",10,Publication Table DTS 2024 (1).xlsx
Johor,W.P. Labuan,13.35,FALSE,FALSE,2024,Domestic Tourism Survey 2024: Publication Tables,"Table 10: Number of Tourists by State Visited, 2024",10,Publication Table DTS 2024 (1).xlsx
Johor,W.P. Putrajaya,52.906,FALSE,FALSE,2024,Domestic Tourism Survey 2024: Publication Tables,"Table 10: Number of Tourists by State Visited, 2024",10,Publication Table DTS 2024 (1).xlsx
Kedah,Malaysia,4850.245,FALSE,TRUE,2024,Domestic Tourism Survey 2024: Publication Tables,"Table 10: Number of Tourists by State Visited, 2024",10,Publication Table DTS 2024 (1).xlsx
Kedah,Johor,133.108,FALSE,FALSE,2024,Domestic Tourism Survey 2024: Publication Tables,"Table 10: Number of Tourists by State Visited, 2024",10,Publication Table DTS 2024 (1).xlsx
Kedah,Kedah,1787.51,FALSE,FALSE,2024,Domestic Tourism Survey 2024: Publication Tables,"Table 10: Number of Tourists by State Visited, 2024",10,Publication Table DTS 2024 (1).xlsx
Kedah,Kelantan,276.209,FALSE,FALSE,2024,Domestic Tourism Survey 2024: Publication Tables,"Table 10: Number of Tourists by State Visited, 2024",10,Publication Table DTS 2024 (1).xlsx
Kedah,Melaka,96.196,FALSE,FALSE,2024,Domestic Tourism Survey 2024: Publication Tables,"Table 10: Number of Tourists by State Visited, 2024",10,Publication Table DTS 2024 (1).xlsx
Kedah,Negeri Sembilan,233.341,FALSE,FALSE,2024,Domestic Tourism Survey 2024: Publication Tables,"Table 10: Number of Tourists by State Visited, 2024",10,Publication Table DTS 2024 (1).xlsx
Kedah,Pahang,248.758,FALSE,FALSE,2024,Domestic Tourism Survey 2024: Publication Tables,"Table 10: Number of Tourists by State Visited, 2024",10,Publication Table DTS 2024 (1).xlsx
Kedah,Pulau Pinang,450.051,FALSE,FALSE,2024,Domestic Tourism Survey 2024: Publication Tables,"Table 10: Number of Tourists by State Visited, 2024",10,Publication Table DTS 2024 (1).xlsx
Kedah,Perak,723.289,FALSE,FALSE,2024,Domestic Tourism Survey 2024: Publication Tables,"Table 10: Number of Tourists by State Visited, 2024",10,Publication Table DTS 2024 (1).xlsx
Kedah,Perlis,130.848,FALSE,FALSE,2024,Domestic Tourism Survey 2024: Publication Tables,"Table 10: Number of Tourists by State Visited, 2024",10,Publication Table DTS 2024 (1).xlsx
Kedah,Selangor,297.097,FALSE,FALSE,2024,Domestic Tourism Survey 2024: Publication Tables,"Table 10: Number of Tourists by State Visited, 2024",10,Publication Table DTS 2024 (1).xlsx
Kedah,Terengganu,61.22,FALSE,FALSE,2024,Domestic Tourism Survey 2024: Publication Tables,"Table 10: Number of Tourists by State Visited, 2024",10,Publication Table DTS 2024 (1).xlsx
Kedah,Sabah,32.865,FALSE,FALSE,2024,Domestic Tourism Survey 2024: Publication Tables,"Table 10: Number of Tourists by State Visited, 2024",10,Publication Table DTS 2024 (1).xlsx
Kedah,Sarawak,30.214,FALSE,FALSE,2024,Domestic Tourism Survey 2024: Publication Tables,"Table 10: Number of Tourists by State Visited, 2024",10,Publication Table DTS 2024 (1).xlsx
Kedah,W.P. Kuala Lumpur,254.91,FALSE,FALSE,2024,Domestic Tourism Survey 2024: Publication Tables,"Table 10: Number of Tourists by State Visited, 2024",10,Publication Table DTS 2024 (1).xlsx
Kedah,W.P. Labuan,7.133,FALSE,FALSE,2024,Domestic Tourism Survey 2024: Publication Tables,"Table 10: Number of Tourists by State Visited, 2024",10,Publication Table DTS 2024 (1).xlsx
Kedah,W.P. Putrajaya,87.496,FALSE,FALSE,2024,Domestic Tourism Survey 2024: Publication Tables,"Table 10: Number of Tourists by State Visited, 2024",10,Publication Table DTS 2024 (1).xlsx
Kelantan,Malaysia,3115.736,FALSE,TRUE,2024,Domestic Tourism Survey 2024: Publication Tables,"Table 10: Number of Tourists by State Visited, 2024",10,Publication Table DTS 2024 (1).xlsx
Kelantan,Johor,115.899,FALSE,FALSE,2024,Domestic Tourism Survey 2024: Publication Tables,"Table 10: Number of Tourists by State Visited, 2024",10,Publication Table DTS 2024 (1).xlsx
Kelantan,Kedah,132.209,FALSE,FALSE,2024,Domestic Tourism Survey 2024: Publication Tables,"Table 10: Number of Tourists by State Visited, 2024",10,Publication Table DTS 2024 (1).xlsx
Kelantan,Kelantan,977.965,FALSE,FALSE,2024,Domestic Tourism Survey 2024: Publication Tables,"Table 10: Number of Tourists by State Visited, 2024",10,Publication Table DTS 2024 (1).xlsx
Kelantan,Melaka,8.592,FALSE,FALSE,2024,Domestic Tourism Survey 2024: Publication Tables,"Table 10: Number of Tourists by State Visited, 2024",10,Publication Table DTS 2024 (1).xlsx
Kelantan,Negeri Sembilan,106.131,FALSE,FALSE,2024,Domestic Tourism Survey 2024: Publication Tables,"Table 10: Number of Tourists by State Visited, 2024",10,Publication Table DTS 2024 (1).xlsx
Kelantan,Pahang,251.898,FALSE,FALSE,2024,Domestic Tourism Survey 2024: Publication Tables,"Table 10: Number of Tourists by State Visited, 2024",10,Publication Table DTS 2024 (1).xlsx
Kelantan,Pulau Pinang,146.896,FALSE,FALSE,2024,Domestic Tourism Survey 2024: Publication Tables,"Table 10: Number of Tourists by State Visited, 2024",10,Publication Table DTS 2024 (1).xlsx
Kelantan,Perak,221.977,FALSE,FALSE,2024,Domestic Tourism Survey 2024: Publication Tables,"Table 10: Number of Tourists by State Visited, 2024",10,Publication Table DTS 2024 (1).xlsx
Kelantan,Perlis,34.466,FALSE,FALSE,2024,Domestic Tourism Survey 2024: Publication Tables,"Table 10: Number of Tourists by State Visited, 2024",10,Publication Table DTS 2024 (1).xlsx
Kelantan,Selangor,259.034,FALSE,FALSE,2024,Domestic Tourism Survey 2024: Publication Tables,"Table 10: Number of Tourists by State Visited, 2024",10,Publication Table DTS 2024 (1).xlsx
Kelantan,Terengganu,496.82,FALSE,FALSE,2024,Domestic Tourism Survey 2024: Publication Tables,"Table 10: Number of Tourists by State Visited, 2024",10,Publication Table DTS 2024 (1).xlsx
Kelantan,Sabah,28.812,FALSE,FALSE,2024,Domestic Tourism Survey 2024: Publication Tables,"Table 10: Number of Tourists by State Visited, 2024",10,Publication Table DTS 2024 (1).xlsx
Kelantan,Sarawak,3.6,FALSE,FALSE,2024,Domestic Tourism Survey 2024: Publication Tables,"Table 10: Number of Tourists by State Visited, 2024",10,Publication Table DTS 2024 (1).xlsx
Kelantan,W.P. Kuala Lumpur,232.399,FALSE,FALSE,2024,Domestic Tourism Survey 2024: Publication Tables,"Table 10: Number of Tourists by State Visited, 2024",10,Publication Table DTS 2024 (1).xlsx
Kelantan,W.P. Labuan,3.283,FALSE,FALSE,2024,Domestic Tourism Survey 2024: Publication Tables,"Table 10: Number of Tourists by State Visited, 2024",10,Publication Table DTS 2024 (1).xlsx
Kelantan,W.P. Putrajaya,95.755,FALSE,FALSE,2024,Domestic Tourism Survey 2024: Publication Tables,"Table 10: Number of Tourists by State Visited, 2024",10,Publication Table DTS 2024 (1).xlsx
Melaka,Malaysia,2989.787,FALSE,TRUE,2024,Domestic Tourism Survey 2024: Publication Tables,"Table 10: Number of Tourists by State Visited, 2024",10,Publication Table DTS 2024 (1).xlsx
Melaka,Johor,459.072,FALSE,FALSE,2024,Domestic Tourism Survey 2024: Publication Tables,"Table 10: Number of Tourists by State Visited, 2024",10,Publication Table DTS 2024 (1).xlsx
Melaka,Kedah,122.587,FALSE,FALSE,2024,Domestic Tourism Survey 2024: Publication Tables,"Table 10: Number of Tourists by State Visited, 2024",10,Publication Table DTS 2024 (1).xlsx
Melaka,Kelantan,79.537,FALSE,FALSE,2024,Domestic Tourism Survey 2024: Publication Tables,"Table 10: Number of Tourists by State Visited, 2024",10,Publication Table DTS 2024 (1).xlsx
Melaka,Melaka,266.106,FALSE,FALSE,2024,Domestic Tourism Survey 2024: Publication Tables,"Table 10: Number of Tourists by State Visited, 2024",10,Publication Table DTS 2024 (1).xlsx
Melaka,Negeri Sembilan,379.134,FALSE,FALSE,2024,Domestic Tourism Survey 2024: Publication Tables,"Table 10: Number of Tourists by State Visited, 2024",10,Publication Table DTS 2024 (1).xlsx
Melaka,Pahang,254.647,FALSE,FALSE,2024,Domestic Tourism Survey 2024: Publication Tables,"Table 10: Number of Tourists by State Visited, 2024",10,Publication Table DTS 2024 (1).xlsx
Melaka,Pulau Pinang,106.225,FALSE,FALSE,2024,Domestic Tourism Survey 2024: Publication Tables,"Table 10: Number of Tourists by State Visited, 2024",10,Publication Table DTS 2024 (1).xlsx
Melaka,Perak,259.154,FALSE,FALSE,2024,Domestic Tourism Survey 2024: Publication Tables,"Table 10: Number of Tourists by State Visited, 2024",10,Publication Table DTS 2024 (1).xlsx
Melaka,Perlis,3.154,FALSE,FALSE,2024,Domestic Tourism Survey 2024: Publication Tables,"Table 10: Number of Tourists by State Visited, 2024",10,Publication Table DTS 2024 (1).xlsx
Melaka,Selangor,378.083,FALSE,FALSE,2024,Domestic Tourism Survey 2024: Publication Tables,"Table 10: Number of Tourists by State Visited, 2024",10,Publication Table DTS 2024 (1).xlsx
Melaka,Terengganu,74.915,FALSE,FALSE,2024,Domestic Tourism Survey 2024: Publication Tables,"Table 10: Number of Tourists by State Visited, 2024",10,Publication Table DTS 2024 (1).xlsx
Melaka,Sabah,78.204,FALSE,FALSE,2024,Domestic Tourism Survey 2024: Publication Tables,"Table 10: Number of Tourists by State Visited, 2024",10,Publication Table DTS 2024 (1).xlsx
Melaka,Sarawak,27.792,FALSE,FALSE,2024,Domestic Tourism Survey 2024: Publication Tables,"Table 10: Number of Tourists by State Visited, 2024",10,Publication Table DTS 2024 (1).xlsx
Melaka,W.P. Kuala Lumpur,458.258,FALSE,FALSE,2024,Domestic Tourism Survey 2024: Publication Tables,"Table 10: Number of Tourists by State Visited, 2024",10,Publication Table DTS 2024 (1).xlsx
Melaka,W.P. Labuan,1.593,FALSE,FALSE,2024,Domestic Tourism Survey 2024: Publication Tables,"Table 10: Number of Tourists by State Visited, 2024",10,Publication Table DTS 2024 (1).xlsx
Melaka,W.P. Putrajaya,41.326,FALSE,FALSE,2024,Domestic Tourism Survey 2024: Publication Tables,"Table 10: Number of Tourists by State Visited, 2024",10,Publication Table DTS 2024 (1).xlsx
Negeri Sembilan,Malaysia,3608.271,FALSE,TRUE,2024,Domestic Tourism Survey 2024: Publication Tables,"Table 10: Number of Tourists by State Visited, 2024",10,Publication Table DTS 2024 (1).xlsx
Negeri Sembilan,Johor,464.774,FALSE,FALSE,2024,Domestic Tourism Survey 2024: Publication Tables,"Table 10: Number of Tourists by State Visited, 2024",10,Publication Table DTS 2024 (1).xlsx
Negeri Sembilan,Kedah,71.578,FALSE,FALSE,2024,Domestic Tourism Survey 2024: Publication Tables,"Table 10: Number of Tourists by State Visited, 2024",10,Publication Table DTS 2024 (1).xlsx
Negeri Sembilan,Kelantan,258.247,FALSE,FALSE,2024,Domestic Tourism Survey 2024: Publication Tables,"Table 10: Number of Tourists by State Visited, 2024",10,Publication Table DTS 2024 (1).xlsx
Negeri Sembilan,Melaka,359.632,FALSE,FALSE,2024,Domestic Tourism Survey 2024: Publication Tables,"Table 10: Number of Tourists by State Visited, 2024",10,Publication Table DTS 2024 (1).xlsx
Negeri Sembilan,Negeri Sembilan,714.607,FALSE,FALSE,2024,Domestic Tourism Survey 2024: Publication Tables,"Table 10: Number of Tourists by State Visited, 2024",10,Publication Table DTS 2024 (1).xlsx
Negeri Sembilan,Pahang,459.935,FALSE,FALSE,2024,Domestic Tourism Survey 2024: Publication Tables,"Table 10: Number of Tourists by State Visited, 2024",10,Publication Table DTS 2024 (1).xlsx
Negeri Sembilan,Pulau Pinang,140.479,FALSE,FALSE,2024,Domestic Tourism Survey 2024: Publication Tables,"Table 10: Number of Tourists by State Visited, 2024",10,Publication Table DTS 2024 (1).xlsx
Negeri Sembilan,Perak,315.022,FALSE,FALSE,2024,Domestic Tourism Survey 2024: Publication Tables,"Table 10: Number of Tourists by State Visited, 2024",10,Publication Table DTS 2024 (1).xlsx
Negeri Sembilan,Perlis,18.34,FALSE,FALSE,2024,Domestic Tourism Survey 2024: Publication Tables,"Table 10: Number of Tourists by State Visited, 2024",10,Publication Table DTS 2024 (1).xlsx
Negeri Sembilan,Selangor,351.433,FALSE,FALSE,2024,Domestic Tourism Survey 2024: Publication Tables,"Table 10: Number of Tourists by State Visited, 2024",10,Publication Table DTS 2024 (1).xlsx
Negeri Sembilan,Terengganu,136.393,FALSE,FALSE,2024,Domestic Tourism Survey 2024: Publication Tables,"Table 10: Number of Tourists by State Visited, 2024",10,Publication Table DTS 2024 (1).xlsx
Negeri Sembilan,Sabah,8.786,FALSE,FALSE,2024,Domestic Tourism Survey 2024: Publication Tables,"Table 10: Number of Tourists by State Visited, 2024",10,Publication Table DTS 2024 (1).xlsx
Negeri Sembilan,Sarawak,9.935,FALSE,FALSE,2024,Domestic Tourism Survey 2024: Publication Tables,"Table 10: Number of Tourists by State Visited, 2024",10,Publication Table DTS 2024 (1).xlsx
Negeri Sembilan,W.P. Kuala Lumpur,256.05,FALSE,FALSE,2024,Domestic Tourism Survey 2024: Publication Tables,"Table 10: Number of Tourists by State Visited, 2024",10,Publication Table DTS 2024 (1).xlsx
Negeri Sembilan,W.P. Labuan,6.764,FALSE,FALSE,2024,Domestic Tourism Survey 2024: Publication Tables,"Table 10: Number of Tourists by State Visited, 2024",10,Publication Table DTS 2024 (1).xlsx
Negeri Sembilan,W.P. Putrajaya,36.296,FALSE,FALSE,2024,Domestic Tourism Survey 2024: Publication Tables,"Table 10: Number of Tourists by State Visited, 2024",10,Publication Table DTS 2024 (1).xlsx
Pahang,Malaysia,5744.966,FALSE,TRUE,2024,Domestic Tourism Survey 2024: Publication Tables,"Table 10: Number of Tourists by State Visited, 2024",10,Publication Table DTS 2024 (1).xlsx
Pahang,Johor,538.802,FALSE,FALSE,2024,Domestic Tourism Survey 2024: Publication Tables,"Table 10: Number of Tourists by State Visited, 2024",10,Publication Table DTS 2024 (1).xlsx
Pahang,Kedah,122.385,FALSE,FALSE,2024,Domestic Tourism Survey 2024: Publication Tables,"Table 10: Number of Tourists by State Visited, 2024",10,Publication Table DTS 2024 (1).xlsx
Pahang,Kelantan,474.376,FALSE,FALSE,2024,Domestic Tourism Survey 2024: Publication Tables,"Table 10: Number of Tourists by State Visited, 2024",10,Publication Table DTS 2024 (1).xlsx
Pahang,Melaka,134.318,FALSE,FALSE,2024,Domestic Tourism Survey 2024: Publication Tables,"Table 10: Number of Tourists by State Visited, 2024",10,Publication Table DTS 2024 (1).xlsx
Pahang,Negeri Sembilan,221.144,FALSE,FALSE,2024,Domestic Tourism Survey 2024: Publication Tables,"Table 10: Number of Tourists by State Visited, 2024",10,Publication Table DTS 2024 (1).xlsx
Pahang,Pahang,1981.222,FALSE,FALSE,2024,Domestic Tourism Survey 2024: Publication Tables,"Table 10: Number of Tourists by State Visited, 2024",10,Publication Table DTS 2024 (1).xlsx
Pahang,Pulau Pinang,119.939,FALSE,FALSE,2024,Domestic Tourism Survey 2024: Publication Tables,"Table 10: Number of Tourists by State Visited, 2024",10,Publication Table DTS 2024 (1).xlsx
Pahang,Perak,489.012,FALSE,FALSE,2024,Domestic Tourism Survey 2024: Publication Tables,"Table 10: Number of Tourists by State Visited, 2024",10,Publication Table DTS 2024 (1).xlsx
Pahang,Perlis,25.78,FALSE,FALSE,2024,Domestic Tourism Survey 2024: Publication Tables,"Table 10: Number of Tourists by State Visited, 2024",10,Publication Table DTS 2024 (1).xlsx
Pahang,Selangor,383.805,FALSE,FALSE,2024,Domestic Tourism Survey 2024: Publication Tables,"Table 10: Number of Tourists by State Visited, 2024",10,Publication Table DTS 2024 (1).xlsx
Pahang,Terengganu,686.073,FALSE,FALSE,2024,Domestic Tourism Survey 2024: Publication Tables,"Table 10: Number of Tourists by State Visited, 2024",10,Publication Table DTS 2024 (1).xlsx
Pahang,Sabah,61.941,FALSE,FALSE,2024,Domestic Tourism Survey 2024: Publication Tables,"Table 10: Number of Tourists by State Visited, 2024",10,Publication Table DTS 2024 (1).xlsx
Pahang,Sarawak,8.744,FALSE,FALSE,2024,Domestic Tourism Survey 2024: Publication Tables,"Table 10: Number of Tourists by State Visited, 2024",10,Publication Table DTS 2024 (1).xlsx
Pahang,W.P. Kuala Lumpur,467.78,FALSE,FALSE,2024,Domestic Tourism Survey 2024: Publication Tables,"Table 10: Number of Tourists by State Visited, 2024",10,Publication Table DTS 2024 (1).xlsx
Pahang,W.P. Labuan,5.887,FALSE,FALSE,2024,Domestic Tourism Survey 2024: Publication Tables,"Table 10: Number of Tourists by State Visited, 2024",10,Publication Table DTS 2024 (1).xlsx
Pahang,W.P. Putrajaya,23.758,FALSE,FALSE,2024,Domestic Tourism Survey 2024: Publication Tables,"Table 10: Number of Tourists by State Visited, 2024",10,Publication Table DTS 2024 (1).xlsx
Pulau Pinang,Malaysia,4612.759,FALSE,TRUE,2024,Domestic Tourism Survey 2024: Publication Tables,"Table 10: Number of Tourists by State Visited, 2024",10,Publication Table DTS 2024 (1).xlsx
Pulau Pinang,Johor,124.816,FALSE,FALSE,2024,Domestic Tourism Survey 2024: Publication Tables,"Table 10: Number of Tourists by State Visited, 2024",10,Publication Table DTS 2024 (1).xlsx
Pulau Pinang,Kedah,962.038,FALSE,FALSE,2024,Domestic Tourism Survey 2024: Publication Tables,"Table 10: Number of Tourists by State Visited, 2024",10,Publication Table DTS 2024 (1).xlsx
Pulau Pinang,Kelantan,4.76,FALSE,FALSE,2024,Domestic Tourism Survey 2024: Publication Tables,"Table 10: Number of Tourists by State Visited, 2024",10,Publication Table DTS 2024 (1).xlsx
Pulau Pinang,Melaka,210.415,FALSE,FALSE,2024,Domestic Tourism Survey 2024: Publication Tables,"Table 10: Number of Tourists by State Visited, 2024",10,Publication Table DTS 2024 (1).xlsx
Pulau Pinang,Negeri Sembilan,67.787,FALSE,FALSE,2024,Domestic Tourism Survey 2024: Publication Tables,"Table 10: Number of Tourists by State Visited, 2024",10,Publication Table DTS 2024 (1).xlsx
Pulau Pinang,Pahang,395.965,FALSE,FALSE,2024,Domestic Tourism Survey 2024: Publication Tables,"Table 10: Number of Tourists by State Visited, 2024",10,Publication Table DTS 2024 (1).xlsx
Pulau Pinang,Pulau Pinang,523.113,FALSE,FALSE,2024,Domestic Tourism Survey 2024: Publication Tables,"Table 10: Number of Tourists by State Visited, 2024",10,Publication Table DTS 2024 (1).xlsx
Pulau Pinang,Perak,487.147,FALSE,FALSE,2024,Domestic Tourism Survey 2024: Publication Tables,"Table 10: Number of Tourists by State Visited, 2024",10,Publication Table DTS 2024 (1).xlsx
Pulau Pinang,Perlis,216.419,FALSE,FALSE,2024,Domestic Tourism Survey 2024: Publication Tables,"Table 10: Number of Tourists by State Visited, 2024",10,Publication Table DTS 2024 (1).xlsx
Pulau Pinang,Selangor,354.503,FALSE,FALSE,2024,Domestic Tourism Survey 2024: Publication Tables,"Table 10: Number of Tourists by State Visited, 2024",10,Publication Table DTS 2024 (1).xlsx
Pulau Pinang,Terengganu,489.885,FALSE,FALSE,2024,Domestic Tourism Survey 2024: Publication Tables,"Table 10: Number of Tourists by State Visited, 2024",10,Publication Table DTS 2024 (1).xlsx
Pulau Pinang,Sabah,181.891,FALSE,FALSE,2024,Domestic Tourism Survey 2024: Publication Tables,"Table 10: Number of Tourists by State Visited, 2024",10,Publication Table DTS 2024 (1).xlsx
Pulau Pinang,Sarawak,1.063,FALSE,FALSE,2024,Domestic Tourism Survey 2024: Publication Tables,"Table 10: Number of Tourists by State Visited, 2024",10,Publication Table DTS 2024 (1).xlsx
Pulau Pinang,W.P. Kuala Lumpur,539.031,FALSE,FALSE,2024,Domestic Tourism Survey 2024: Publication Tables,"Table 10: Number of Tourists by State Visited, 2024",10,Publication Table DTS 2024 (1).xlsx
Pulau Pinang,W.P. Labuan,7.956,FALSE,FALSE,2024,Domestic Tourism Survey 2024: Publication Tables,"Table 10: Number of Tourists by State Visited, 2024",10,Publication Table DTS 2024 (1).xlsx
Pulau Pinang,W.P. Putrajaya,45.97,FALSE,FALSE,2024,Domestic Tourism Survey 2024: Publication Tables,"Table 10: Number of Tourists by State Visited, 2024",10,Publication Table DTS 2024 (1).xlsx
Perak,Malaysia,6827.459,FALSE,TRUE,2024,Domestic Tourism Survey 2024: Publication Tables,"Table 10: Number of Tourists by State Visited, 2024",10,Publication Table DTS 2024 (1).xlsx
Perak,Johor,282.367,FALSE,FALSE,2024,Domestic Tourism Survey 2024: Publication Tables,"Table 10: Number of Tourists by State Visited, 2024",10,Publication Table DTS 2024 (1).xlsx
Perak,Kedah,659.705,FALSE,FALSE,2024,Domestic Tourism Survey 2024: Publication Tables,"Table 10: Number of Tourists by State Visited, 2024",10,Publication Table DTS 2024 (1).xlsx
Perak,Kelantan,245.397,FALSE,FALSE,2024,Domestic Tourism Survey 2024: Publication Tables,"Table 10: Number of Tourists by State Visited, 2024",10,Publication Table DTS 2024 (1).xlsx
Perak,Melaka,202.444,FALSE,FALSE,2024,Domestic Tourism Survey 2024: Publication Tables,"Table 10: Number of Tourists by State Visited, 2024",10,Publication Table DTS 2024 (1).xlsx
Perak,Negeri Sembilan,186.796,FALSE,FALSE,2024,Domestic Tourism Survey 2024: Publication Tables,"Table 10: Number of Tourists by State Visited, 2024",10,Publication Table DTS 2024 (1).xlsx
Perak,Pahang,432.226,FALSE,FALSE,2024,Domestic Tourism Survey 2024: Publication Tables,"Table 10: Number of Tourists by State Visited, 2024",10,Publication Table DTS 2024 (1).xlsx
Perak,Pulau Pinang,384.443,FALSE,FALSE,2024,Domestic Tourism Survey 2024: Publication Tables,"Table 10: Number of Tourists by State Visited, 2024",10,Publication Table DTS 2024 (1).xlsx
Perak,Perak,1886.966,FALSE,FALSE,2024,Domestic Tourism Survey 2024: Publication Tables,"Table 10: Number of Tourists by State Visited, 2024",10,Publication Table DTS 2024 (1).xlsx
Perak,Perlis,102.461,FALSE,FALSE,2024,Domestic Tourism Survey 2024: Publication Tables,"Table 10: Number of Tourists by State Visited, 2024",10,Publication Table DTS 2024 (1).xlsx
Perak,Selangor,1053.853,FALSE,FALSE,2024,Domestic Tourism Survey 2024: Publication Tables,"Table 10: Number of Tourists by State Visited, 2024",10,Publication Table DTS 2024 (1).xlsx
Perak,Terengganu,256.269,FALSE,FALSE,2024,Domestic Tourism Survey 2024: Publication Tables,"Table 10: Number of Tourists by State Visited, 2024",10,Publication Table DTS 2024 (1).xlsx
Perak,Sabah,77.564,FALSE,FALSE,2024,Domestic Tourism Survey 2024: Publication Tables,"Table 10: Number of Tourists by State Visited, 2024",10,Publication Table DTS 2024 (1).xlsx
Perak,Sarawak,37.394,FALSE,FALSE,2024,Domestic Tourism Survey 2024: Publication Tables,"Table 10: Number of Tourists by State Visited, 2024",10,Publication Table DTS 2024 (1).xlsx
Perak,W.P. Kuala Lumpur,909.009,FALSE,FALSE,2024,Domestic Tourism Survey 2024: Publication Tables,"Table 10: Number of Tourists by State Visited, 2024",10,Publication Table DTS 2024 (1).xlsx
Perak,W.P. Labuan,20.276,FALSE,FALSE,2024,Domestic Tourism Survey 2024: Publication Tables,"Table 10: Number of Tourists by State Visited, 2024",10,Publication Table DTS 2024 (1).xlsx
Perak,W.P. Putrajaya,90.289,FALSE,FALSE,2024,Domestic Tourism Survey 2024: Publication Tables,"Table 10: Number of Tourists by State Visited, 2024",10,Publication Table DTS 2024 (1).xlsx
Perlis,Malaysia,933.185,FALSE,TRUE,2024,Domestic Tourism Survey 2024: Publication Tables,"Table 10: Number of Tourists by State Visited, 2024",10,Publication Table DTS 2024 (1).xlsx
Perlis,Johor,20.528,FALSE,FALSE,2024,Domestic Tourism Survey 2024: Publication Tables,"Table 10: Number of Tourists by State Visited, 2024",10,Publication Table DTS 2024 (1).xlsx
Perlis,Kedah,238.573,FALSE,FALSE,2024,Domestic Tourism Survey 2024: Publication Tables,"Table 10: Number of Tourists by State Visited, 2024",10,Publication Table DTS 2024 (1).xlsx
Perlis,Kelantan,34.567,FALSE,FALSE,2024,Domestic Tourism Survey 2024: Publication Tables,"Table 10: Number of Tourists by State Visited, 2024",10,Publication Table DTS 2024 (1).xlsx
Perlis,Melaka,6.776,FALSE,FALSE,2024,Domestic Tourism Survey 2024: Publication Tables,"Table 10: Number of Tourists by State Visited, 2024",10,Publication Table DTS 2024 (1).xlsx
Perlis,Negeri Sembilan,13.4,FALSE,FALSE,2024,Domestic Tourism Survey 2024: Publication Tables,"Table 10: Number of Tourists by State Visited, 2024",10,Publication Table DTS 2024 (1).xlsx
Perlis,Pahang,75.115,FALSE,FALSE,2024,Domestic Tourism Survey 2024: Publication Tables,"Table 10: Number of Tourists by State Visited, 2024",10,Publication Table DTS 2024 (1).xlsx
Perlis,Pulau Pinang,197.276,FALSE,FALSE,2024,Domestic Tourism Survey 2024: Publication Tables,"Table 10: Number of Tourists by State Visited, 2024",10,Publication Table DTS 2024 (1).xlsx
Perlis,Perak,97.427,FALSE,FALSE,2024,Domestic Tourism Survey 2024: Publication Tables,"Table 10: Number of Tourists by State Visited, 2024",10,Publication Table DTS 2024 (1).xlsx
Perlis,Perlis,50.996,FALSE,FALSE,2024,Domestic Tourism Survey 2024: Publication Tables,"Table 10: Number of Tourists by State Visited, 2024",10,Publication Table DTS 2024 (1).xlsx
Perlis,Selangor,73.087,FALSE,FALSE,2024,Domestic Tourism Survey 2024: Publication Tables,"Table 10: Number of Tourists by State Visited, 2024",10,Publication Table DTS 2024 (1).xlsx
Perlis,Terengganu,49.435,FALSE,FALSE,2024,Domestic Tourism Survey 2024: Publication Tables,"Table 10: Number of Tourists by State Visited, 2024",10,Publication Table DTS 2024 (1).xlsx
Perlis,Sabah,4.239,FALSE,FALSE,2024,Domestic Tourism Survey 2024: Publication Tables,"Table 10: Number of Tourists by State Visited, 2024",10,Publication Table DTS 2024 (1).xlsx
Perlis,Sarawak,3.126,FALSE,FALSE,2024,Domestic Tourism Survey 2024: Publication Tables,"Table 10: Number of Tourists by State Visited, 2024",10,Publication Table DTS 2024 (1).xlsx
Perlis,W.P. Kuala Lumpur,56.871,FALSE,FALSE,2024,Domestic Tourism Survey 2024: Publication Tables,"Table 10: Number of Tourists by State Visited, 2024",10,Publication Table DTS 2024 (1).xlsx
Perlis,W.P. Labuan,0.808,FALSE,FALSE,2024,Domestic Tourism Survey 2024: Publication Tables,"Table 10: Number of Tourists by State Visited, 2024",10,Publication Table DTS 2024 (1).xlsx
Perlis,W.P. Putrajaya,10.961,FALSE,FALSE,2024,Domestic Tourism Survey 2024: Publication Tables,"Table 10: Number of Tourists by State Visited, 2024",10,Publication Table DTS 2024 (1).xlsx
Selangor,Malaysia,21506.181,FALSE,TRUE,2024,Domestic Tourism Survey 2024: Publication Tables,"Table 10: Number of Tourists by State Visited, 2024",10,Publication Table DTS 2024 (1).xlsx
Selangor,Johor,1837.846,FALSE,FALSE,2024,Domestic Tourism Survey 2024: Publication Tables,"Table 10: Number of Tourists by State Visited, 2024",10,Publication Table DTS 2024 (1).xlsx
Selangor,Kedah,1793.603,FALSE,FALSE,2024,Domestic Tourism Survey 2024: Publication Tables,"Table 10: Number of Tourists by State Visited, 2024",10,Publication Table DTS 2024 (1).xlsx
Selangor,Kelantan,1365.974,FALSE,FALSE,2024,Domestic Tourism Survey 2024: Publication Tables,"Table 10: Number of Tourists by State Visited, 2024",10,Publication Table DTS 2024 (1).xlsx
Selangor,Melaka,1698.792,FALSE,FALSE,2024,Domestic Tourism Survey 2024: Publication Tables,"Table 10: Number of Tourists by State Visited, 2024",10,Publication Table DTS 2024 (1).xlsx
Selangor,Negeri Sembilan,1524.26,FALSE,FALSE,2024,Domestic Tourism Survey 2024: Publication Tables,"Table 10: Number of Tourists by State Visited, 2024",10,Publication Table DTS 2024 (1).xlsx
Selangor,Pahang,1636.986,FALSE,FALSE,2024,Domestic Tourism Survey 2024: Publication Tables,"Table 10: Number of Tourists by State Visited, 2024",10,Publication Table DTS 2024 (1).xlsx
Selangor,Pulau Pinang,1199.166,FALSE,FALSE,2024,Domestic Tourism Survey 2024: Publication Tables,"Table 10: Number of Tourists by State Visited, 2024",10,Publication Table DTS 2024 (1).xlsx
Selangor,Perak,3336.198,FALSE,FALSE,2024,Domestic Tourism Survey 2024: Publication Tables,"Table 10: Number of Tourists by State Visited, 2024",10,Publication Table DTS 2024 (1).xlsx
Selangor,Perlis,461.172,FALSE,FALSE,2024,Domestic Tourism Survey 2024: Publication Tables,"Table 10: Number of Tourists by State Visited, 2024",10,Publication Table DTS 2024 (1).xlsx
Selangor,Selangor,2953.259,FALSE,FALSE,2024,Domestic Tourism Survey 2024: Publication Tables,"Table 10: Number of Tourists by State Visited, 2024",10,Publication Table DTS 2024 (1).xlsx
Selangor,Terengganu,973.553,FALSE,FALSE,2024,Domestic Tourism Survey 2024: Publication Tables,"Table 10: Number of Tourists by State Visited, 2024",10,Publication Table DTS 2024 (1).xlsx
Selangor,Sabah,770.899,FALSE,FALSE,2024,Domestic Tourism Survey 2024: Publication Tables,"Table 10: Number of Tourists by State Visited, 2024",10,Publication Table DTS 2024 (1).xlsx
Selangor,Sarawak,588.138,FALSE,FALSE,2024,Domestic Tourism Survey 2024: Publication Tables,"Table 10: Number of Tourists by State Visited, 2024",10,Publication Table DTS 2024 (1).xlsx
Selangor,W.P. Kuala Lumpur,1291.171,FALSE,FALSE,2024,Domestic Tourism Survey 2024: Publication Tables,"Table 10: Number of Tourists by State Visited, 2024",10,Publication Table DTS 2024 (1).xlsx
Selangor,W.P. Labuan,9.719,FALSE,FALSE,2024,Domestic Tourism Survey 2024: Publication Tables,"Table 10: Number of Tourists by State Visited, 2024",10,Publication Table DTS 2024 (1).xlsx
Selangor,W.P. Putrajaya,65.445,FALSE,FALSE,2024,Domestic Tourism Survey 2024: Publication Tables,"Table 10: Number of Tourists by State Visited, 2024",10,Publication Table DTS 2024 (1).xlsx
Terengganu,Malaysia,1574.314,FALSE,TRUE,2024,Domestic Tourism Survey 2024: Publication Tables,"Table 10: Number of Tourists by State Visited, 2024",10,Publication Table DTS 2024 (1).xlsx
Terengganu,Johor,12.138,FALSE,FALSE,2024,Domestic Tourism Survey 2024: Publication Tables,"Table 10: Number of Tourists by State Visited, 2024",10,Publication Table DTS 2024 (1).xlsx
Terengganu,Kedah,7.925,FALSE,FALSE,2024,Domestic Tourism Survey 2024: Publication Tables,"Table 10: Number of Tourists by State Visited, 2024",10,Publication Table DTS 2024 (1).xlsx
Terengganu,Kelantan,346.675,FALSE,FALSE,2024,Domestic Tourism Survey 2024: Publication Tables,"Table 10: Number of Tourists by State Visited, 2024",10,Publication Table DTS 2024 (1).xlsx
Terengganu,Melaka,10.535,FALSE,FALSE,2024,Domestic Tourism Survey 2024: Publication Tables,"Table 10: Number of Tourists by State Visited, 2024",10,Publication Table DTS 2024 (1).xlsx
Terengganu,Negeri Sembilan,19.287,FALSE,FALSE,2024,Domestic Tourism Survey 2024: Publication Tables,"Table 10: Number of Tourists by State Visited, 2024",10,Publication Table DTS 2024 (1).xlsx
Terengganu,Pahang,293.872,FALSE,FALSE,2024,Domestic Tourism Survey 2024: Publication Tables,"Table 10: Number of Tourists by State Visited, 2024",10,Publication Table DTS 2024 (1).xlsx
Terengganu,Pulau Pinang,34.815,FALSE,FALSE,2024,Domestic Tourism Survey 2024: Publication Tables,"Table 10: Number of Tourists by State Visited, 2024",10,Publication Table DTS 2024 (1).xlsx
Terengganu,Perak,19.12,FALSE,FALSE,2024,Domestic Tourism Survey 2024: Publication Tables,"Table 10: Number of Tourists by State Visited, 2024",10,Publication Table DTS 2024 (1).xlsx
Terengganu,Perlis,5.452,FALSE,FALSE,2024,Domestic Tourism Survey 2024: Publication Tables,"Table 10: Number of Tourists by State Visited, 2024",10,Publication Table DTS 2024 (1).xlsx
Terengganu,Selangor,224.869,FALSE,FALSE,2024,Domestic Tourism Survey 2024: Publication Tables,"Table 10: Number of Tourists by State Visited, 2024",10,Publication Table DTS 2024 (1).xlsx
Terengganu,Terengganu,487.724,FALSE,FALSE,2024,Domestic Tourism Survey 2024: Publication Tables,"Table 10: Number of Tourists by State Visited, 2024",10,Publication Table DTS 2024 (1).xlsx
Terengganu,Sabah,26.825,FALSE,FALSE,2024,Domestic Tourism Survey 2024: Publication Tables,"Table 10: Number of Tourists by State Visited, 2024",10,Publication Table DTS 2024 (1).xlsx
Terengganu,Sarawak,2.747,FALSE,FALSE,2024,Domestic Tourism Survey 2024: Publication Tables,"Table 10: Number of Tourists by State Visited, 2024",10,Publication Table DTS 2024 (1).xlsx
Terengganu,W.P. Kuala Lumpur,74.284,FALSE,FALSE,2024,Domestic Tourism Survey 2024: Publication Tables,"Table 10: Number of Tourists by State Visited, 2024",10,Publication Table DTS 2024 (1).xlsx
Terengganu,W.P. Labuan,5.041,FALSE,FALSE,2024,Domestic Tourism Survey 2024: Publication Tables,"Table 10: Number of Tourists by State Visited, 2024",10,Publication Table DTS 2024 (1).xlsx
Terengganu,W.P. Putrajaya,3.005,FALSE,FALSE,2024,Domestic Tourism Survey 2024: Publication Tables,"Table 10: Number of Tourists by State Visited, 2024",10,Publication Table DTS 2024 (1).xlsx
Sabah,Malaysia,5323.449,FALSE,TRUE,2024,Domestic Tourism Survey 2024: Publication Tables,"Table 10: Number of Tourists by State Visited, 2024",10,Publication Table DTS 2024 (1).xlsx
Sabah,Johor,27.375,FALSE,FALSE,2024,Domestic Tourism Survey 2024: Publication Tables,"Table 10: Number of Tourists by State Visited, 2024",10,Publication Table DTS 2024 (1).xlsx
Sabah,Kedah,34.294,FALSE,FALSE,2024,Domestic Tourism Survey 2024: Publication Tables,"Table 10: Number of Tourists by State Visited, 2024",10,Publication Table DTS 2024 (1).xlsx
Sabah,Kelantan,7.941,FALSE,FALSE,2024,Domestic Tourism Survey 2024: Publication Tables,"Table 10: Number of Tourists by State Visited, 2024",10,Publication Table DTS 2024 (1).xlsx
Sabah,Melaka,28.095,FALSE,FALSE,2024,Domestic Tourism Survey 2024: Publication Tables,"Table 10: Number of Tourists by State Visited, 2024",10,Publication Table DTS 2024 (1).xlsx
Sabah,Negeri Sembilan,6.93,FALSE,FALSE,2024,Domestic Tourism Survey 2024: Publication Tables,"Table 10: Number of Tourists by State Visited, 2024",10,Publication Table DTS 2024 (1).xlsx
Sabah,Pahang,11.471,FALSE,FALSE,2024,Domestic Tourism Survey 2024: Publication Tables,"Table 10: Number of Tourists by State Visited, 2024",10,Publication Table DTS 2024 (1).xlsx
Sabah,Pulau Pinang,86.459,FALSE,FALSE,2024,Domestic Tourism Survey 2024: Publication Tables,"Table 10: Number of Tourists by State Visited, 2024",10,Publication Table DTS 2024 (1).xlsx
Sabah,Perak,5.995,FALSE,FALSE,2024,Domestic Tourism Survey 2024: Publication Tables,"Table 10: Number of Tourists by State Visited, 2024",10,Publication Table DTS 2024 (1).xlsx
Sabah,Perlis,4.359,FALSE,FALSE,2024,Domestic Tourism Survey 2024: Publication Tables,"Table 10: Number of Tourists by State Visited, 2024",10,Publication Table DTS 2024 (1).xlsx
Sabah,Selangor,200.936,FALSE,FALSE,2024,Domestic Tourism Survey 2024: Publication Tables,"Table 10: Number of Tourists by State Visited, 2024",10,Publication Table DTS 2024 (1).xlsx
Sabah,Terengganu,10.243,FALSE,FALSE,2024,Domestic Tourism Survey 2024: Publication Tables,"Table 10: Number of Tourists by State Visited, 2024",10,Publication Table DTS 2024 (1).xlsx
Sabah,Sabah,4132.289,FALSE,FALSE,2024,Domestic Tourism Survey 2024: Publication Tables,"Table 10: Number of Tourists by State Visited, 2024",10,Publication Table DTS 2024 (1).xlsx
Sabah,Sarawak,386.56,FALSE,FALSE,2024,Domestic Tourism Survey 2024: Publication Tables,"Table 10: Number of Tourists by State Visited, 2024",10,Publication Table DTS 2024 (1).xlsx
Sabah,W.P. Kuala Lumpur,277.914,FALSE,FALSE,2024,Domestic Tourism Survey 2024: Publication Tables,"Table 10: Number of Tourists by State Visited, 2024",10,Publication Table DTS 2024 (1).xlsx
Sabah,W.P. Labuan,64.186,FALSE,FALSE,2024,Domestic Tourism Survey 2024: Publication Tables,"Table 10: Number of Tourists by State Visited, 2024",10,Publication Table DTS 2024 (1).xlsx
Sabah,W.P. Putrajaya,38.402,FALSE,FALSE,2024,Domestic Tourism Survey 2024: Publication Tables,"Table 10: Number of Tourists by State Visited, 2024",10,Publication Table DTS 2024 (1).xlsx
Sarawak,Malaysia,5067.473,FALSE,TRUE,2024,Domestic Tourism Survey 2024: Publication Tables,"Table 10: Number of Tourists by State Visited, 2024",10,Publication Table DTS 2024 (1).xlsx
Sarawak,Johor,41.45,FALSE,FALSE,2024,Domestic Tourism Survey 2024: Publication Tables,"Table 10: Number of Tourists by State Visited, 2024",10,Publication Table DTS 2024 (1).xlsx
Sarawak,Kedah,72.561,FALSE,FALSE,2024,Domestic Tourism Survey 2024: Publication Tables,"Table 10: Number of Tourists by State Visited, 2024",10,Publication Table DTS 2024 (1).xlsx
Sarawak,Kelantan,23.379,FALSE,FALSE,2024,Domestic Tourism Survey 2024: Publication Tables,"Table 10: Number of Tourists by State Visited, 2024",10,Publication Table DTS 2024 (1).xlsx
Sarawak,Melaka,7.034,FALSE,FALSE,2024,Domestic Tourism Survey 2024: Publication Tables,"Table 10: Number of Tourists by State Visited, 2024",10,Publication Table DTS 2024 (1).xlsx
Sarawak,Negeri Sembilan,8.098,FALSE,FALSE,2024,Domestic Tourism Survey 2024: Publication Tables,"Table 10: Number of Tourists by State Visited, 2024",10,Publication Table DTS 2024 (1).xlsx
Sarawak,Pahang,12.647,FALSE,FALSE,2024,Domestic Tourism Survey 2024: Publication Tables,"Table 10: Number of Tourists by State Visited, 2024",10,Publication Table DTS 2024 (1).xlsx
Sarawak,Pulau Pinang,41.88,FALSE,FALSE,2024,Domestic Tourism Survey 2024: Publication Tables,"Table 10: Number of Tourists by State Visited, 2024",10,Publication Table DTS 2024 (1).xlsx
Sarawak,Perak,5.561,FALSE,FALSE,2024,Domestic Tourism Survey 2024: Publication Tables,"Table 10: Number of Tourists by State Visited, 2024",10,Publication Table DTS 2024 (1).xlsx
Sarawak,Perlis,13.178,FALSE,FALSE,2024,Domestic Tourism Survey 2024: Publication Tables,"Table 10: Number of Tourists by State Visited, 2024",10,Publication Table DTS 2024 (1).xlsx
Sarawak,Selangor,211.808,FALSE,FALSE,2024,Domestic Tourism Survey 2024: Publication Tables,"Table 10: Number of Tourists by State Visited, 2024",10,Publication Table DTS 2024 (1).xlsx
Sarawak,Terengganu,22.411,FALSE,FALSE,2024,Domestic Tourism Survey 2024: Publication Tables,"Table 10: Number of Tourists by State Visited, 2024",10,Publication Table DTS 2024 (1).xlsx
Sarawak,Sabah,247.465,FALSE,FALSE,2024,Domestic Tourism Survey 2024: Publication Tables,"Table 10: Number of Tourists by State Visited, 2024",10,Publication Table DTS 2024 (1).xlsx
Sarawak,Sarawak,4055.785,FALSE,FALSE,2024,Domestic Tourism Survey 2024: Publication Tables,"Table 10: Number of Tourists by State Visited, 2024",10,Publication Table DTS 2024 (1).xlsx
Sarawak,W.P. Kuala Lumpur,245.981,FALSE,FALSE,2024,Domestic Tourism Survey 2024: Publication Tables,"Table 10: Number of Tourists by State Visited, 2024",10,Publication Table DTS 2024 (1).xlsx
Sarawak,W.P. Labuan,27.314,FALSE,FALSE,2024,Domestic Tourism Survey 2024: Publication Tables,"Table 10: Number of Tourists by State Visited, 2024",10,Publication Table DTS 2024 (1).xlsx
Sarawak,W.P. Putrajaya,30.921,FALSE,FALSE,2024,Domestic Tourism Survey 2024: Publication Tables,"Table 10: Number of Tourists by State Visited, 2024",10,Publication Table DTS 2024 (1).xlsx
W.P. Kuala Lumpur,Malaysia,15233.52,FALSE,TRUE,2024,Domestic Tourism Survey 2024: Publication Tables,"Table 10: Number of Tourists by State Visited, 2024",10,Publication Table DTS 2024 (1).xlsx
W.P. Kuala Lumpur,Johor,1689.695,FALSE,FALSE,2024,Domestic Tourism Survey 2024: Publication Tables,"Table 10: Number of Tourists by State Visited, 2024",10,Publication Table DTS 2024 (1).xlsx
W.P. Kuala Lumpur,Kedah,624.876,FALSE,FALSE,2024,Domestic Tourism Survey 2024: Publication Tables,"Table 10: Number of Tourists by State Visited, 2024",10,Publication Table DTS 2024 (1).xlsx
W.P. Kuala Lumpur,Kelantan,1289.447,FALSE,FALSE,2024,Domestic Tourism Survey 2024: Publication Tables,"Table 10: Number of Tourists by State Visited, 2024",10,Publication Table DTS 2024 (1).xlsx
W.P. Kuala Lumpur,Melaka,1520.438,FALSE,FALSE,2024,Domestic Tourism Survey 2024: Publication Tables,"Table 10: Number of Tourists by State Visited, 2024",10,Publication Table DTS 2024 (1).xlsx
W.P. Kuala Lumpur,Negeri Sembilan,1815.293,FALSE,FALSE,2024,Domestic Tourism Survey 2024: Publication Tables,"Table 10: Number of Tourists by State Visited, 2024",10,Publication Table DTS 2024 (1).xlsx
W.P. Kuala Lumpur,Pahang,2485.925,FALSE,FALSE,2024,Domestic Tourism Survey 2024: Publication Tables,"Table 10: Number of Tourists by State Visited, 2024",10,Publication Table DTS 2024 (1).xlsx
W.P. Kuala Lumpur,Pulau Pinang,1088.185,FALSE,FALSE,2024,Domestic Tourism Survey 2024: Publication Tables,"Table 10: Number of Tourists by State Visited, 2024",10,Publication Table DTS 2024 (1).xlsx
W.P. Kuala Lumpur,Perak,1881.571,FALSE,FALSE,2024,Domestic Tourism Survey 2024: Publication Tables,"Table 10: Number of Tourists by State Visited, 2024",10,Publication Table DTS 2024 (1).xlsx
W.P. Kuala Lumpur,Perlis,97.851,FALSE,FALSE,2024,Domestic Tourism Survey 2024: Publication Tables,"Table 10: Number of Tourists by State Visited, 2024",10,Publication Table DTS 2024 (1).xlsx
W.P. Kuala Lumpur,Selangor,1026.36,FALSE,FALSE,2024,Domestic Tourism Survey 2024: Publication Tables,"Table 10: Number of Tourists by State Visited, 2024",10,Publication Table DTS 2024 (1).xlsx
W.P. Kuala Lumpur,Terengganu,954.478,FALSE,FALSE,2024,Domestic Tourism Survey 2024: Publication Tables,"Table 10: Number of Tourists by State Visited, 2024",10,Publication Table DTS 2024 (1).xlsx
W.P. Kuala Lumpur,Sabah,105.983,FALSE,FALSE,2024,Domestic Tourism Survey 2024: Publication Tables,"Table 10: Number of Tourists by State Visited, 2024",10,Publication Table DTS 2024 (1).xlsx
W.P. Kuala Lumpur,Sarawak,304.533,FALSE,FALSE,2024,Domestic Tourism Survey 2024: Publication Tables,"Table 10: Number of Tourists by State Visited, 2024",10,Publication Table DTS 2024 (1).xlsx
W.P. Kuala Lumpur,W.P. Kuala Lumpur,338.113,FALSE,FALSE,2024,Domestic Tourism Survey 2024: Publication Tables,"Table 10: Number of Tourists by State Visited, 2024",10,Publication Table DTS 2024 (1).xlsx
W.P. Kuala Lumpur,W.P. Labuan,3.966,FALSE,FALSE,2024,Domestic Tourism Survey 2024: Publication Tables,"Table 10: Number of Tourists by State Visited, 2024",10,Publication Table DTS 2024 (1).xlsx
W.P. Kuala Lumpur,W.P. Putrajaya,6.806,FALSE,FALSE,2024,Domestic Tourism Survey 2024: Publication Tables,"Table 10: Number of Tourists by State Visited, 2024",10,Publication Table DTS 2024 (1).xlsx
W.P. Labuan,Malaysia,238.251,FALSE,TRUE,2024,Domestic Tourism Survey 2024: Publication Tables,"Table 10: Number of Tourists by State Visited, 2024",10,Publication Table DTS 2024 (1).xlsx
W.P. Labuan,Johor,0.087,FALSE,FALSE,2024,Domestic Tourism Survey 2024: Publication Tables,"Table 10: Number of Tourists by State Visited, 2024",10,Publication Table DTS 2024 (1).xlsx
W.P. Labuan,Kedah,1.83,FALSE,FALSE,2024,Domestic Tourism Survey 2024: Publication Tables,"Table 10: Number of Tourists by State Visited, 2024",10,Publication Table DTS 2024 (1).xlsx
W.P. Labuan,Kelantan,1.902,FALSE,FALSE,2024,Domestic Tourism Survey 2024: Publication Tables,"Table 10: Number of Tourists by State Visited, 2024",10,Publication Table DTS 2024 (1).xlsx
W.P. Labuan,Melaka,0.161,FALSE,FALSE,2024,Domestic Tourism Survey 2024: Publication Tables,"Table 10: Number of Tourists by State Visited, 2024",10,Publication Table DTS 2024 (1).xlsx
W.P. Labuan,Negeri Sembilan,1.308,FALSE,FALSE,2024,Domestic Tourism Survey 2024: Publication Tables,"Table 10: Number of Tourists by State Visited, 2024",10,Publication Table DTS 2024 (1).xlsx
W.P. Labuan,Pahang,20.987,FALSE,FALSE,2024,Domestic Tourism Survey 2024: Publication Tables,"Table 10: Number of Tourists by State Visited, 2024",10,Publication Table DTS 2024 (1).xlsx
W.P. Labuan,Pulau Pinang,0.498,FALSE,FALSE,2024,Domestic Tourism Survey 2024: Publication Tables,"Table 10: Number of Tourists by State Visited, 2024",10,Publication Table DTS 2024 (1).xlsx
W.P. Labuan,Perak,1.164,FALSE,FALSE,2024,Domestic Tourism Survey 2024: Publication Tables,"Table 10: Number of Tourists by State Visited, 2024",10,Publication Table DTS 2024 (1).xlsx
W.P. Labuan,Perlis,0.642,FALSE,FALSE,2024,Domestic Tourism Survey 2024: Publication Tables,"Table 10: Number of Tourists by State Visited, 2024",10,Publication Table DTS 2024 (1).xlsx
W.P. Labuan,Selangor,3.53,FALSE,FALSE,2024,Domestic Tourism Survey 2024: Publication Tables,"Table 10: Number of Tourists by State Visited, 2024",10,Publication Table DTS 2024 (1).xlsx
W.P. Labuan,Terengganu,1.782,FALSE,FALSE,2024,Domestic Tourism Survey 2024: Publication Tables,"Table 10: Number of Tourists by State Visited, 2024",10,Publication Table DTS 2024 (1).xlsx
W.P. Labuan,Sabah,151.349,FALSE,FALSE,2024,Domestic Tourism Survey 2024: Publication Tables,"Table 10: Number of Tourists by State Visited, 2024",10,Publication Table DTS 2024 (1).xlsx
W.P. Labuan,Sarawak,16.186,FALSE,FALSE,2024,Domestic Tourism Survey 2024: Publication Tables,"Table 10: Number of Tourists by State Visited, 2024",10,Publication Table DTS 2024 (1).xlsx
W.P. Labuan,W.P. Kuala Lumpur,13.709,FALSE,FALSE,2024,Domestic Tourism Survey 2024: Publication Tables,"Table 10: Number of Tourists by State Visited, 2024",10,Publication Table DTS 2024 (1).xlsx
W.P. Labuan,W.P. Labuan,15.209,FALSE,FALSE,2024,Domestic Tourism Survey 2024: Publication Tables,"Table 10: Number of Tourists by State Visited, 2024",10,Publication Table DTS 2024 (1).xlsx
W.P. Labuan,W.P. Putrajaya,7.907,FALSE,FALSE,2024,Domestic Tourism Survey 2024: Publication Tables,"Table 10: Number of Tourists by State Visited, 2024",10,Publication Table DTS 2024 (1).xlsx
W.P. Putrajaya,Malaysia,539.929,FALSE,TRUE,2024,Domestic Tourism Survey 2024: Publication Tables,"Table 10: Number of Tourists by State Visited, 2024",10,Publication Table DTS 2024 (1).xlsx
W.P. Putrajaya,Johor,28.391,FALSE,FALSE,2024,Domestic Tourism Survey 2024: Publication Tables,"Table 10: Number of Tourists by State Visited, 2024",10,Publication Table DTS 2024 (1).xlsx
W.P. Putrajaya,Kedah,26.077,FALSE,FALSE,2024,Domestic Tourism Survey 2024: Publication Tables,"Table 10: Number of Tourists by State Visited, 2024",10,Publication Table DTS 2024 (1).xlsx
W.P. Putrajaya,Kelantan,52.129,FALSE,FALSE,2024,Domestic Tourism Survey 2024: Publication Tables,"Table 10: Number of Tourists by State Visited, 2024",10,Publication Table DTS 2024 (1).xlsx
W.P. Putrajaya,Melaka,80.822,FALSE,FALSE,2024,Domestic Tourism Survey 2024: Publication Tables,"Table 10: Number of Tourists by State Visited, 2024",10,Publication Table DTS 2024 (1).xlsx
W.P. Putrajaya,Negeri Sembilan,73.059,FALSE,FALSE,2024,Domestic Tourism Survey 2024: Publication Tables,"Table 10: Number of Tourists by State Visited, 2024",10,Publication Table DTS 2024 (1).xlsx
W.P. Putrajaya,Pahang,44.218,FALSE,FALSE,2024,Domestic Tourism Survey 2024: Publication Tables,"Table 10: Number of Tourists by State Visited, 2024",10,Publication Table DTS 2024 (1).xlsx
W.P. Putrajaya,Pulau Pinang,25.344,FALSE,FALSE,2024,Domestic Tourism Survey 2024: Publication Tables,"Table 10: Number of Tourists by State Visited, 2024",10,Publication Table DTS 2024 (1).xlsx
W.P. Putrajaya,Perak,76.048,FALSE,FALSE,2024,Domestic Tourism Survey 2024: Publication Tables,"Table 10: Number of Tourists by State Visited, 2024",10,Publication Table DTS 2024 (1).xlsx
W.P. Putrajaya,Perlis,1.354,FALSE,FALSE,2024,Domestic Tourism Survey 2024: Publication Tables,"Table 10: Number of Tourists by State Visited, 2024",10,Publication Table DTS 2024 (1).xlsx
W.P. Putrajaya,Selangor,55.887,FALSE,FALSE,2024,Domestic Tourism Survey 2024: Publication Tables,"Table 10: Number of Tourists by State Visited, 2024",10,Publication Table DTS 2024 (1).xlsx
W.P. Putrajaya,Terengganu,28.708,FALSE,FALSE,2024,Domestic Tourism Survey 2024: Publication Tables,"Table 10: Number of Tourists by State Visited, 2024",10,Publication Table DTS 2024 (1).xlsx
W.P. Putrajaya,Sabah,3.43,FALSE,FALSE,2024,Domestic Tourism Survey 2024: Publication Tables,"Table 10: Number of Tourists by State Visited, 2024",10,Publication Table DTS 2024 (1).xlsx
W.P. Putrajaya,Sarawak,15.321,FALSE,FALSE,2024,Domestic Tourism Survey 2024: Publication Tables,"Table 10: Number of Tourists by State Visited, 2024",10,Publication Table DTS 2024 (1).xlsx
W.P. Putrajaya,W.P. Kuala Lumpur,13.175,FALSE,FALSE,2024,Domestic Tourism Survey 2024: Publication Tables,"Table 10: Number of Tourists by State Visited, 2024",10,Publication Table DTS 2024 (1).xlsx
W.P. Putrajaya,W.P. Labuan,1.615,FALSE,FALSE,2024,Domestic Tourism Survey 2024: Publication Tables,"Table 10: Number of Tourists by State Visited, 2024",10,Publication Table DTS 2024 (1).xlsx
W.P. Putrajaya,W.P. Putrajaya,14.351,FALSE,FALSE,2024,Domestic Tourism Survey 2024: Publication Tables,"Table 10: Number of Tourists by State Visited, 2024",10,Publication Table DTS 2024 (1).xlsx
