Indicator,Year,Value,Unit,Annual_Change_Pct,Source_Report,Source_Table,Source_Sheet,Source_File
Total Expenditure,2017,83102.6097829999,RM million,11.1398630294356,Domestic Tourism Survey 2024: Publication Tables,"Table 1: Key Statistics of Domestic Tourism, 2017-2024",1,Publication Table DTS 2024 (1).xlsx
Total Expenditure,2018,92561.3417063294,RM million,11.3819914296656,Domestic Tourism Survey 2024: Publication Tables,"Table 1: Key Statistics of Domestic Tourism, 2017-2024",1,Publication Table DTS 2024 (1).xlsx
Total Expenditure,2019,103183.759714306,RM million,11.4760847370585,Domestic Tourism Survey 2024: Publication Tables,"Table 1: Key Statistics of Domestic Tourism, 2017-2024",1,Publication Table DTS 2024 (1).xlsx
Total Expenditure,2020,40424.3343341787,RM million,-60.8229682208662,Domestic Tourism Survey 2024: Publication Tables,"Table 1: Key Statistics of Domestic Tourism, 2017-2024",1,Publication Table DTS 2024 (1).xlsx
Total Expenditure,2021,18410.1937419723,RM million,-54.4576452644107,Domestic Tourism Survey 2024: Publication Tables,"Table 1: Key Statistics of Domestic Tourism, 2017-2024",1,Publication Table DTS 2024 (1).xlsx
Total Expenditure,2022,64080.2995819462,RM million,248.069664448198,Domestic Tourism Survey 2024: Publication Tables,"Table 1: Key Statistics of Domestic Tourism, 2017-2024",1,Publication Table DTS 2024 (1).xlsx
Total Expenditure,2023,84932.125,RM million,32.540149709176,Domestic Tourism Survey 2024: Publication Tables,"Table 1: Key Statistics of Domestic Tourism, 2017-2024",1,Publication Table DTS 2024 (1).xlsx
Total Expenditure,2024,106746.11104989,RM million,25.6840224472068,Domestic Tourism Survey 2024: Publication Tables,"Table 1: Key Statistics of Domestic Tourism, 2017-2024",1,Publication Table DTS 2024 (1).xlsx
Expenditure by Domestic Visitors,2017,73662.1183523372,RM million,,Domestic Tourism Survey 2024: Publication Tables,"Table 1: Key Statistics of Domestic Tourism, 2017-2024",1,Publication Table DTS 2024 (1).xlsx
Expenditure by Domestic Visitors,2018,82741.3825491961,RM million,,Domestic Tourism Survey 2024: Publication Tables,"Table 1: Key Statistics of Domestic Tourism, 2017-2024",1,Publication Table DTS 2024 (1).xlsx
Expenditure by Domestic Visitors,2019,92638.159,RM million,,Domestic Tourism Survey 2024: Publication Tables,"Table 1: Key Statistics of Domestic Tourism, 2017-2024",1,Publication Table DTS 2024 (1).xlsx
Expenditure by Domestic Visitors,2020,38634.646976337,RM million,,Domestic Tourism Survey 2024: Publication Tables,"Table 1: Key Statistics of Domestic Tourism, 2017-2024",1,Publication Table DTS 2024 (1).xlsx
Expenditure by Domestic Visitors,2021,17450.9799500578,RM million,,Domestic Tourism Survey 2024: Publication Tables,"Table 1: Key Statistics of Domestic Tourism, 2017-2024",1,Publication Table DTS 2024 (1).xlsx
Expenditure by Domestic Visitors,2022,59216.9558714273,RM million,,Domestic Tourism Survey 2024: Publication Tables,"Table 1: Key Statistics of Domestic Tourism, 2017-2024",1,Publication Table DTS 2024 (1).xlsx
Expenditure by Domestic Visitors,2023,78676.422,RM million,,Domestic Tourism Survey 2024: Publication Tables,"Table 1: Key Statistics of Domestic Tourism, 2017-2024",1,Publication Table DTS 2024 (1).xlsx
Expenditure by Domestic Visitors,2024,98446.2284947855,RM million,,Domestic Tourism Survey 2024: Publication Tables,"Table 1: Key Statistics of Domestic Tourism, 2017-2024",1,Publication Table DTS 2024 (1).xlsx
Expenditure by Visited Households,2017,9440.49143066275,RM million,,Domestic Tourism Survey 2024: Publication Tables,"Table 1: Key Statistics of Domestic Tourism, 2017-2024",1,Publication Table DTS 2024 (1).xlsx
Expenditure by Visited Households,2018,9819.95915713328,RM million,,Domestic Tourism Survey 2024: Publication Tables,"Table 1: Key Statistics of Domestic Tourism, 2017-2024",1,Publication Table DTS 2024 (1).xlsx
Expenditure by Visited Households,2019,10545.602,RM million,,Domestic Tourism Survey 2024: Publication Tables,"Table 1: Key Statistics of Domestic Tourism, 2017-2024",1,Publication Table DTS 2024 (1).xlsx
Expenditure by Visited Households,2020,1789.6873578417,RM million,,Domestic Tourism Survey 2024: Publication Tables,"Table 1: Key Statistics of Domestic Tourism, 2017-2024",1,Publication Table DTS 2024 (1).xlsx
Expenditure by Visited Households,2021,959.2137919145,RM million,,Domestic Tourism Survey 2024: Publication Tables,"Table 1: Key Statistics of Domestic Tourism, 2017-2024",1,Publication Table DTS 2024 (1).xlsx
Expenditure by Visited Households,2022,4863.34371051881,RM million,,Domestic Tourism Survey 2024: Publication Tables,"Table 1: Key Statistics of Domestic Tourism, 2017-2024",1,Publication Table DTS 2024 (1).xlsx
Expenditure by Visited Households,2023,6255.703,RM million,,Domestic Tourism Survey 2024: Publication Tables,"Table 1: Key Statistics of Domestic Tourism, 2017-2024",1,Publication Table DTS 2024 (1).xlsx
Expenditure by Visited Households,2024,8299.88255510428,RM million,,Domestic Tourism Survey 2024: Publication Tables,"Table 1: Key Statistics of Domestic Tourism, 2017-2024",1,Publication Table DTS 2024 (1).xlsx
Number of Visitors,2017,205408.349313615,'000,8.53637686779867,Domestic Tourism Survey 2024: Publication Tables,"Table 1: Key Statistics of Domestic Tourism, 2017-2024",1,Publication Table DTS 2024 (1).xlsx
Number of Visitors,2018,221272.480734,'000,7.723216448307,Domestic Tourism Survey 2024: Publication Tables,"Table 1: Key Statistics of Domestic Tourism, 2017-2024",1,Publication Table DTS 2024 (1).xlsx
Number of Visitors,2019,239120.865664569,'000,8.06624704136851,Domestic Tourism Survey 2024: Publication Tables,"Table 1: Key Statistics of Domestic Tourism, 2017-2024",1,Publication Table DTS 2024 (1).xlsx
Number of Visitors,2020,131660.1507882,'000,-44.9399154597874,Domestic Tourism Survey 2024: Publication Tables,"Table 1: Key Statistics of Domestic Tourism, 2017-2024",1,Publication Table DTS 2024 (1).xlsx
Number of Visitors,2021,65975.955,'000,-49.8891998793662,Domestic Tourism Survey 2024: Publication Tables,"Table 1: Key Statistics of Domestic Tourism, 2017-2024",1,Publication Table DTS 2024 (1).xlsx
Number of Visitors,2022,171602.963,'000,160.099248279165,Domestic Tourism Survey 2024: Publication Tables,"Table 1: Key Statistics of Domestic Tourism, 2017-2024",1,Publication Table DTS 2024 (1).xlsx
Number of Visitors,2023,213743.544,'000,24.5570241115242,Domestic Tourism Survey 2024: Publication Tables,"Table 1: Key Statistics of Domestic Tourism, 2017-2024",1,Publication Table DTS 2024 (1).xlsx
Number of Visitors,2024,260125.842,'000,21.6999761171734,Domestic Tourism Survey 2024: Publication Tables,"Table 1: Key Statistics of Domestic Tourism, 2017-2024",1,Publication Table DTS 2024 (1).xlsx
Number of Tourism Trips,2017,276147.263,'000,8.77163952764712,Domestic Tourism Survey 2024: Publication Tables,"Table 1: Key Statistics of Domestic Tourism, 2017-2024",1,Publication Table DTS 2024 (1).xlsx
Number of Tourism Trips,2018,302414.636522,'000,9.51208903417596,Domestic Tourism Survey 2024: Publication Tables,"Table 1: Key Statistics of Domestic Tourism, 2017-2024",1,Publication Table DTS 2024 (1).xlsx
Number of Tourism Trips,2019,332378.00327375,'000,9.90804119018566,Domestic Tourism Survey 2024: Publication Tables,"Table 1: Key Statistics of Domestic Tourism, 2017-2024",1,Publication Table DTS 2024 (1).xlsx
Number of Tourism Trips,2020,146990.0435746,'000,-55.7762420717302,Domestic Tourism Survey 2024: Publication Tables,"Table 1: Key Statistics of Domestic Tourism, 2017-2024",1,Publication Table DTS 2024 (1).xlsx
Number of Tourism Trips,2021,72398.831,'000,-50.7457585293821,Domestic Tourism Survey 2024: Publication Tables,"Table 1: Key Statistics of Domestic Tourism, 2017-2024",1,Publication Table DTS 2024 (1).xlsx
Number of Tourism Trips,2022,207785.257,'000,187.000845358953,Domestic Tourism Survey 2024: Publication Tables,"Table 1: Key Statistics of Domestic Tourism, 2017-2024",1,Publication Table DTS 2024 (1).xlsx
Number of Tourism Trips,2023,241474.125,'000,16.2133100713685,Domestic Tourism Survey 2024: Publication Tables,"Table 1: Key Statistics of Domestic Tourism, 2017-2024",1,Publication Table DTS 2024 (1).xlsx
Number of Tourism Trips,2024,297853.174,'000,23.3478634615613,Domestic Tourism Survey 2024: Publication Tables,"Table 1: Key Statistics of Domestic Tourism, 2017-2024",1,Publication Table DTS 2024 (1).xlsx
Average Length of Stay,2017,2.35,days,1.73160173160173,Domestic Tourism Survey 2024: Publication Tables,"Table 1: Key Statistics of Domestic Tourism, 2017-2024",1,Publication Table DTS 2024 (1).xlsx
Average Length of Stay,2018,2.44480035118648,days,4.03405749729703,Domestic Tourism Survey 2024: Publication Tables,"Table 1: Key Statistics of Domestic Tourism, 2017-2024",1,Publication Table DTS 2024 (1).xlsx
Average Length of Stay,2019,2.52,days,3.07590142389438,Domestic Tourism Survey 2024: Publication Tables,"Table 1: Key Statistics of Domestic Tourism, 2017-2024",1,Publication Table DTS 2024 (1).xlsx
Average Length of Stay,2020,1.93,days,-23.4126984126984,Domestic Tourism Survey 2024: Publication Tables,"Table 1: Key Statistics of Domestic Tourism, 2017-2024",1,Publication Table DTS 2024 (1).xlsx
Average Length of Stay,2021,2.18511018870828,days,13.2181444926572,Domestic Tourism Survey 2024: Publication Tables,"Table 1: Key Statistics of Domestic Tourism, 2017-2024",1,Publication Table DTS 2024 (1).xlsx
Average Length of Stay,2022,2.54676541235895,days,16.5508918277691,Domestic Tourism Survey 2024: Publication Tables,"Table 1: Key Statistics of Domestic Tourism, 2017-2024",1,Publication Table DTS 2024 (1).xlsx
Average Length of Stay,2023,2.44588867011607,days,-3.9609750373295,Domestic Tourism Survey 2024: Publication Tables,"Table 1: Key Statistics of Domestic Tourism, 2017-2024",1,Publication Table DTS 2024 (1).xlsx
Average Length of Stay,2024,2.49205843967323,days,1.88764804061869,Domestic Tourism Survey 2024: Publication Tables,"Table 1: Key Statistics of Domestic Tourism, 2017-2024",1,Publication Table DTS 2024 (1).xlsx
Average Expenditure per Trip,2017,300.936454365051,RM,2.35933821940512,Domestic Tourism Survey 2024: Publication Tables,"Table 1: Key Statistics of Domestic Tourism, 2017-2024",1,Publication Table DTS 2024 (1).xlsx
Average Expenditure per Trip,2018,306.072259657962,RM,1.70660789625738,Domestic Tourism Survey 2024: Publication Tables,"Table 1: Key Statistics of Domestic Tourism, 2017-2024",1,Publication Table DTS 2024 (1).xlsx
Average Expenditure per Trip,2019,310,RM,1.28327223983882,Domestic Tourism Survey 2024: Publication Tables,"Table 1: Key Statistics of Domestic Tourism, 2017-2024",1,Publication Table DTS 2024 (1).xlsx
Average Expenditure per Trip,2020,275,RM,-11.2903225806452,Domestic Tourism Survey 2024: Publication Tables,"Table 1: Key Statistics of Domestic Tourism, 2017-2024",1,Publication Table DTS 2024 (1).xlsx
Average Expenditure per Trip,2021,254.288549783352,RM,-7.53143644241737,Domestic Tourism Survey 2024: Publication Tables,"Table 1: Key Statistics of Domestic Tourism, 2017-2024",1,Publication Table DTS 2024 (1).xlsx
Average Expenditure per Trip,2022,308.396757821688,RM,21.27827150866,Domestic Tourism Survey 2024: Publication Tables,"Table 1: Key Statistics of Domestic Tourism, 2017-2024",1,Publication Table DTS 2024 (1).xlsx
Average Expenditure per Trip,2023,351.723498228691,RM,14.0490259083899,Domestic Tourism Survey 2024: Publication Tables,"Table 1: Key Statistics of Domestic Tourism, 2017-2024",1,Publication Table DTS 2024 (1).xlsx
Average Expenditure per Trip,2024,358.385004317227,RM,1.89396105807086,Domestic Tourism Survey 2024: Publication Tables,"Table 1: Key Statistics of Domestic Tourism, 2017-2024",1,Publication Table DTS 2024 (1).xlsx
