State,Year,Domestic_Visitors_000,Is_Total,Source_Report,Source_Table,Source_Sheet,Source_File
Johor,2017,13140.6397344478,FALSE,Domestic Tourism Survey 2024: Publication Tables,"Table 9: Number of Domestic Visitors by State Visited, 2017-2024",9,Publication Table DTS 2024 (1).xlsx
Johor,2018,13487.2379119749,FALSE,Domestic Tourism Survey 2024: Publication Tables,"Table 9: Number of Domestic Visitors by State Visited, 2017-2024",9,Publication Table DTS 2024 (1).xlsx
Johor,2019,14274,FALSE,Domestic Tourism Survey 2024: Publication Tables,"Table 9: Number of Domestic Visitors by State Visited, 2017-2024",9,Publication Table DTS 2024 (1).xlsx
Johor,2020,7243,FALSE,Domestic Tourism Survey 2024: Publication Tables,"Table 9: Number of Domestic Visitors by State Visited, 2017-2024",9,Publication Table DTS 2024 (1).xlsx
Johor,2021,3657.55,FALSE,Domestic Tourism Survey 2024: Publication Tables,"Table 9: Number of Domestic Visitors by State Visited, 2017-2024",9,Publication Table DTS 2024 (1).xlsx
Johor,2022,12376.202,FALSE,Domestic Tourism Survey 2024: Publication Tables,"Table 9: Number of Domestic Visitors by State Visited, 2017-2024",9,Publication Table DTS 2024 (1).xlsx
Johor,2023,15804.89,FALSE,Domestic Tourism Survey 2024: Publication Tables,"Table 9: Number of Domestic Visitors by State Visited, 2017-2024",9,Publication Table DTS 2024 (1).xlsx
Johor,2024,17138.338,FALSE,Domestic Tourism Survey 2024: Publication Tables,"Table 9: Number of Domestic Visitors by State Visited, 2017-2024",9,Publication Table DTS 2024 (1).xlsx
Kedah,2017,13304.534929663,FALSE,Domestic Tourism Survey 2024: Publication Tables,"Table 9: Number of Domestic Visitors by State Visited, 2017-2024",9,Publication Table DTS 2024 (1).xlsx
Kedah,2018,14480.018395565,FALSE,Domestic Tourism Survey 2024: Publication Tables,"Table 9: Number of Domestic Visitors by State Visited, 2017-2024",9,Publication Table DTS 2024 (1).xlsx
Kedah,2019,14831,FALSE,Domestic Tourism Survey 2024: Publication Tables,"Table 9: Number of Domestic Visitors by State Visited, 2017-2024",9,Publication Table DTS 2024 (1).xlsx
Kedah,2020,10108,FALSE,Domestic Tourism Survey 2024: Publication Tables,"Table 9: Number of Domestic Visitors by State Visited, 2017-2024",9,Publication Table DTS 2024 (1).xlsx
Kedah,2021,4023.002,FALSE,Domestic Tourism Survey 2024: Publication Tables,"Table 9: Number of Domestic Visitors by State Visited, 2017-2024",9,Publication Table DTS 2024 (1).xlsx
Kedah,2022,11186.197,FALSE,Domestic Tourism Survey 2024: Publication Tables,"Table 9: Number of Domestic Visitors by State Visited, 2017-2024",9,Publication Table DTS 2024 (1).xlsx
Kedah,2023,13444.055,FALSE,Domestic Tourism Survey 2024: Publication Tables,"Table 9: Number of Domestic Visitors by State Visited, 2017-2024",9,Publication Table DTS 2024 (1).xlsx
Kedah,2024,14651.4879543306,FALSE,Domestic Tourism Survey 2024: Publication Tables,"Table 9: Number of Domestic Visitors by State Visited, 2017-2024",9,Publication Table DTS 2024 (1).xlsx
Kelantan,2017,9623.66382258783,FALSE,Domestic Tourism Survey 2024: Publication Tables,"Table 9: Number of Domestic Visitors by State Visited, 2017-2024",9,Publication Table DTS 2024 (1).xlsx
Kelantan,2018,9846.1234357734,FALSE,Domestic Tourism Survey 2024: Publication Tables,"Table 9: Number of Domestic Visitors by State Visited, 2017-2024",9,Publication Table DTS 2024 (1).xlsx
Kelantan,2019,10986,FALSE,Domestic Tourism Survey 2024: Publication Tables,"Table 9: Number of Domestic Visitors by State Visited, 2017-2024",9,Publication Table DTS 2024 (1).xlsx
Kelantan,2020,6058,FALSE,Domestic Tourism Survey 2024: Publication Tables,"Table 9: Number of Domestic Visitors by State Visited, 2017-2024",9,Publication Table DTS 2024 (1).xlsx
Kelantan,2021,1920.93,FALSE,Domestic Tourism Survey 2024: Publication Tables,"Table 9: Number of Domestic Visitors by State Visited, 2017-2024",9,Publication Table DTS 2024 (1).xlsx
Kelantan,2022,6627.155,FALSE,Domestic Tourism Survey 2024: Publication Tables,"Table 9: Number of Domestic Visitors by State Visited, 2017-2024",9,Publication Table DTS 2024 (1).xlsx
Kelantan,2023,7549.37,FALSE,Domestic Tourism Survey 2024: Publication Tables,"Table 9: Number of Domestic Visitors by State Visited, 2017-2024",9,Publication Table DTS 2024 (1).xlsx
Kelantan,2024,10514.411,FALSE,Domestic Tourism Survey 2024: Publication Tables,"Table 9: Number of Domestic Visitors by State Visited, 2017-2024",9,Publication Table DTS 2024 (1).xlsx
Melaka,2017,12624.984812844,FALSE,Domestic Tourism Survey 2024: Publication Tables,"Table 9: Number of Domestic Visitors by State Visited, 2017-2024",9,Publication Table DTS 2024 (1).xlsx
Melaka,2018,13122.6041634891,FALSE,Domestic Tourism Survey 2024: Publication Tables,"Table 9: Number of Domestic Visitors by State Visited, 2017-2024",9,Publication Table DTS 2024 (1).xlsx
Melaka,2019,13979,FALSE,Domestic Tourism Survey 2024: Publication Tables,"Table 9: Number of Domestic Visitors by State Visited, 2017-2024",9,Publication Table DTS 2024 (1).xlsx
Melaka,2020,7275,FALSE,Domestic Tourism Survey 2024: Publication Tables,"Table 9: Number of Domestic Visitors by State Visited, 2017-2024",9,Publication Table DTS 2024 (1).xlsx
Melaka,2021,3878.14,FALSE,Domestic Tourism Survey 2024: Publication Tables,"Table 9: Number of Domestic Visitors by State Visited, 2017-2024",9,Publication Table DTS 2024 (1).xlsx
Melaka,2022,11757.166,FALSE,Domestic Tourism Survey 2024: Publication Tables,"Table 9: Number of Domestic Visitors by State Visited, 2017-2024",9,Publication Table DTS 2024 (1).xlsx
Melaka,2023,15558.661,FALSE,Domestic Tourism Survey 2024: Publication Tables,"Table 9: Number of Domestic Visitors by State Visited, 2017-2024",9,Publication Table DTS 2024 (1).xlsx
Melaka,2024,19128.405,FALSE,Domestic Tourism Survey 2024: Publication Tables,"Table 9: Number of Domestic Visitors by State Visited, 2017-2024",9,Publication Table DTS 2024 (1).xlsx
Negeri Sembilan,2017,10822.3205520833,FALSE,Domestic Tourism Survey 2024: Publication Tables,"Table 9: Number of Domestic Visitors by State Visited, 2017-2024",9,Publication Table DTS 2024 (1).xlsx
Negeri Sembilan,2018,12802.1189060886,FALSE,Domestic Tourism Survey 2024: Publication Tables,"Table 9: Number of Domestic Visitors by State Visited, 2017-2024",9,Publication Table DTS 2024 (1).xlsx
Negeri Sembilan,2019,13303,FALSE,Domestic Tourism Survey 2024: Publication Tables,"Table 9: Number of Domestic Visitors by State Visited, 2017-2024",9,Publication Table DTS 2024 (1).xlsx
Negeri Sembilan,2020,7918,FALSE,Domestic Tourism Survey 2024: Publication Tables,"Table 9: Number of Domestic Visitors by State Visited, 2017-2024",9,Publication Table DTS 2024 (1).xlsx
Negeri Sembilan,2021,5485.17,FALSE,Domestic Tourism Survey 2024: Publication Tables,"Table 9: Number of Domestic Visitors by State Visited, 2017-2024",9,Publication Table DTS 2024 (1).xlsx
Negeri Sembilan,2022,11490.144,FALSE,Domestic Tourism Survey 2024: Publication Tables,"Table 9: Number of Domestic Visitors by State Visited, 2017-2024",9,Publication Table DTS 2024 (1).xlsx
Negeri Sembilan,2023,14959.47,FALSE,Domestic Tourism Survey 2024: Publication Tables,"Table 9: Number of Domestic Visitors by State Visited, 2017-2024",9,Publication Table DTS 2024 (1).xlsx
Negeri Sembilan,2024,17784.532,FALSE,Domestic Tourism Survey 2024: Publication Tables,"Table 9: Number of Domestic Visitors by State Visited, 2017-2024",9,Publication Table DTS 2024 (1).xlsx
Pahang,2017,16491.3391442,FALSE,Domestic Tourism Survey 2024: Publication Tables,"Table 9: Number of Domestic Visitors by State Visited, 2017-2024",9,Publication Table DTS 2024 (1).xlsx
Pahang,2018,18111.3565763172,FALSE,Domestic Tourism Survey 2024: Publication Tables,"Table 9: Number of Domestic Visitors by State Visited, 2017-2024",9,Publication Table DTS 2024 (1).xlsx
Pahang,2019,18498,FALSE,Domestic Tourism Survey 2024: Publication Tables,"Table 9: Number of Domestic Visitors by State Visited, 2017-2024",9,Publication Table DTS 2024 (1).xlsx
Pahang,2020,9905,FALSE,Domestic Tourism Survey 2024: Publication Tables,"Table 9: Number of Domestic Visitors by State Visited, 2017-2024",9,Publication Table DTS 2024 (1).xlsx
Pahang,2021,3404.772,FALSE,Domestic Tourism Survey 2024: Publication Tables,"Table 9: Number of Domestic Visitors by State Visited, 2017-2024",9,Publication Table DTS 2024 (1).xlsx
Pahang,2022,13188.959,FALSE,Domestic Tourism Survey 2024: Publication Tables,"Table 9: Number of Domestic Visitors by State Visited, 2017-2024",9,Publication Table DTS 2024 (1).xlsx
Pahang,2023,16455.567,FALSE,Domestic Tourism Survey 2024: Publication Tables,"Table 9: Number of Domestic Visitors by State Visited, 2017-2024",9,Publication Table DTS 2024 (1).xlsx
Pahang,2024,20173.876,FALSE,Domestic Tourism Survey 2024: Publication Tables,"Table 9: Number of Domestic Visitors by State Visited, 2017-2024",9,Publication Table DTS 2024 (1).xlsx
Pulau Pinang,2017,12642.6432832667,FALSE,Domestic Tourism Survey 2024: Publication Tables,"Table 9: Number of Domestic Visitors by State Visited, 2017-2024",9,Publication Table DTS 2024 (1).xlsx
Pulau Pinang,2018,14450.4911905341,FALSE,Domestic Tourism Survey 2024: Publication Tables,"Table 9: Number of Domestic Visitors by State Visited, 2017-2024",9,Publication Table DTS 2024 (1).xlsx
Pulau Pinang,2019,15411,FALSE,Domestic Tourism Survey 2024: Publication Tables,"Table 9: Number of Domestic Visitors by State Visited, 2017-2024",9,Publication Table DTS 2024 (1).xlsx
Pulau Pinang,2020,8929,FALSE,Domestic Tourism Survey 2024: Publication Tables,"Table 9: Number of Domestic Visitors by State Visited, 2017-2024",9,Publication Table DTS 2024 (1).xlsx
Pulau Pinang,2021,5060.864,FALSE,Domestic Tourism Survey 2024: Publication Tables,"Table 9: Number of Domestic Visitors by State Visited, 2017-2024",9,Publication Table DTS 2024 (1).xlsx
Pulau Pinang,2022,10002.735,FALSE,Domestic Tourism Survey 2024: Publication Tables,"Table 9: Number of Domestic Visitors by State Visited, 2017-2024",9,Publication Table DTS 2024 (1).xlsx
Pulau Pinang,2023,13127.587,FALSE,Domestic Tourism Survey 2024: Publication Tables,"Table 9: Number of Domestic Visitors by State Visited, 2017-2024",9,Publication Table DTS 2024 (1).xlsx
Pulau Pinang,2024,16604.803,FALSE,Domestic Tourism Survey 2024: Publication Tables,"Table 9: Number of Domestic Visitors by State Visited, 2017-2024",9,Publication Table DTS 2024 (1).xlsx
Perak,2017,20109.7100671475,FALSE,Domestic Tourism Survey 2024: Publication Tables,"Table 9: Number of Domestic Visitors by State Visited, 2017-2024",9,Publication Table DTS 2024 (1).xlsx
Perak,2018,17553.1612058818,FALSE,Domestic Tourism Survey 2024: Publication Tables,"Table 9: Number of Domestic Visitors by State Visited, 2017-2024",9,Publication Table DTS 2024 (1).xlsx
Perak,2019,21070,FALSE,Domestic Tourism Survey 2024: Publication Tables,"Table 9: Number of Domestic Visitors by State Visited, 2017-2024",9,Publication Table DTS 2024 (1).xlsx
Perak,2020,13173,FALSE,Domestic Tourism Survey 2024: Publication Tables,"Table 9: Number of Domestic Visitors by State Visited, 2017-2024",9,Publication Table DTS 2024 (1).xlsx
Perak,2021,4489.273,FALSE,Domestic Tourism Survey 2024: Publication Tables,"Table 9: Number of Domestic Visitors by State Visited, 2017-2024",9,Publication Table DTS 2024 (1).xlsx
Perak,2022,14566.727,FALSE,Domestic Tourism Survey 2024: Publication Tables,"Table 9: Number of Domestic Visitors by State Visited, 2017-2024",9,Publication Table DTS 2024 (1).xlsx
Perak,2023,17107.518,FALSE,Domestic Tourism Survey 2024: Publication Tables,"Table 9: Number of Domestic Visitors by State Visited, 2017-2024",9,Publication Table DTS 2024 (1).xlsx
Perak,2024,21776.217,FALSE,Domestic Tourism Survey 2024: Publication Tables,"Table 9: Number of Domestic Visitors by State Visited, 2017-2024",9,Publication Table DTS 2024 (1).xlsx
Perlis,2017,1413.61053340025,FALSE,Domestic Tourism Survey 2024: Publication Tables,"Table 9: Number of Domestic Visitors by State Visited, 2017-2024",9,Publication Table DTS 2024 (1).xlsx
Perlis,2018,2155.5079034032,FALSE,Domestic Tourism Survey 2024: Publication Tables,"Table 9: Number of Domestic Visitors by State Visited, 2017-2024",9,Publication Table DTS 2024 (1).xlsx
Perlis,2019,2088,FALSE,Domestic Tourism Survey 2024: Publication Tables,"Table 9: Number of Domestic Visitors by State Visited, 2017-2024",9,Publication Table DTS 2024 (1).xlsx
Perlis,2020,1193,FALSE,Domestic Tourism Survey 2024: Publication Tables,"Table 9: Number of Domestic Visitors by State Visited, 2017-2024",9,Publication Table DTS 2024 (1).xlsx
Perlis,2021,406.796,FALSE,Domestic Tourism Survey 2024: Publication Tables,"Table 9: Number of Domestic Visitors by State Visited, 2017-2024",9,Publication Table DTS 2024 (1).xlsx
Perlis,2022,1669.175,FALSE,Domestic Tourism Survey 2024: Publication Tables,"Table 9: Number of Domestic Visitors by State Visited, 2017-2024",9,Publication Table DTS 2024 (1).xlsx
Perlis,2023,1950.771,FALSE,Domestic Tourism Survey 2024: Publication Tables,"Table 9: Number of Domestic Visitors by State Visited, 2017-2024",9,Publication Table DTS 2024 (1).xlsx
Perlis,2024,3225.428,FALSE,Domestic Tourism Survey 2024: Publication Tables,"Table 9: Number of Domestic Visitors by State Visited, 2017-2024",9,Publication Table DTS 2024 (1).xlsx
Selangor,2017,25491.16104986,FALSE,Domestic Tourism Survey 2024: Publication Tables,"Table 9: Number of Domestic Visitors by State Visited, 2017-2024",9,Publication Table DTS 2024 (1).xlsx
Selangor,2018,30179.0472040831,FALSE,Domestic Tourism Survey 2024: Publication Tables,"Table 9: Number of Domestic Visitors by State Visited, 2017-2024",9,Publication Table DTS 2024 (1).xlsx
Selangor,2019,33589,FALSE,Domestic Tourism Survey 2024: Publication Tables,"Table 9: Number of Domestic Visitors by State Visited, 2017-2024",9,Publication Table DTS 2024 (1).xlsx
Selangor,2020,19715,FALSE,Domestic Tourism Survey 2024: Publication Tables,"Table 9: Number of Domestic Visitors by State Visited, 2017-2024",9,Publication Table DTS 2024 (1).xlsx
Selangor,2021,10211.58,FALSE,Domestic Tourism Survey 2024: Publication Tables,"Table 9: Number of Domestic Visitors by State Visited, 2017-2024",9,Publication Table DTS 2024 (1).xlsx
Selangor,2022,21989.558,FALSE,Domestic Tourism Survey 2024: Publication Tables,"Table 9: Number of Domestic Visitors by State Visited, 2017-2024",9,Publication Table DTS 2024 (1).xlsx
Selangor,2023,27579.478,FALSE,Domestic Tourism Survey 2024: Publication Tables,"Table 9: Number of Domestic Visitors by State Visited, 2017-2024",9,Publication Table DTS 2024 (1).xlsx
Selangor,2024,34460.8280456694,FALSE,Domestic Tourism Survey 2024: Publication Tables,"Table 9: Number of Domestic Visitors by State Visited, 2017-2024",9,Publication Table DTS 2024 (1).xlsx
Terengganu,2017,12979.3763672308,FALSE,Domestic Tourism Survey 2024: Publication Tables,"Table 9: Number of Domestic Visitors by State Visited, 2017-2024",9,Publication Table DTS 2024 (1).xlsx
Terengganu,2018,13742.3663642652,FALSE,Domestic Tourism Survey 2024: Publication Tables,"Table 9: Number of Domestic Visitors by State Visited, 2017-2024",9,Publication Table DTS 2024 (1).xlsx
Terengganu,2019,14158,FALSE,Domestic Tourism Survey 2024: Publication Tables,"Table 9: Number of Domestic Visitors by State Visited, 2017-2024",9,Publication Table DTS 2024 (1).xlsx
Terengganu,2020,7420,FALSE,Domestic Tourism Survey 2024: Publication Tables,"Table 9: Number of Domestic Visitors by State Visited, 2017-2024",9,Publication Table DTS 2024 (1).xlsx
Terengganu,2021,3719.052,FALSE,Domestic Tourism Survey 2024: Publication Tables,"Table 9: Number of Domestic Visitors by State Visited, 2017-2024",9,Publication Table DTS 2024 (1).xlsx
Terengganu,2022,10233.282,FALSE,Domestic Tourism Survey 2024: Publication Tables,"Table 9: Number of Domestic Visitors by State Visited, 2017-2024",9,Publication Table DTS 2024 (1).xlsx
Terengganu,2023,11760.516,FALSE,Domestic Tourism Survey 2024: Publication Tables,"Table 9: Number of Domestic Visitors by State Visited, 2017-2024",9,Publication Table DTS 2024 (1).xlsx
Terengganu,2024,14460.728,FALSE,Domestic Tourism Survey 2024: Publication Tables,"Table 9: Number of Domestic Visitors by State Visited, 2017-2024",9,Publication Table DTS 2024 (1).xlsx
Sabah,2017,17791.7126417,FALSE,Domestic Tourism Survey 2024: Publication Tables,"Table 9: Number of Domestic Visitors by State Visited, 2017-2024",9,Publication Table DTS 2024 (1).xlsx
Sabah,2018,20359.8810907898,FALSE,Domestic Tourism Survey 2024: Publication Tables,"Table 9: Number of Domestic Visitors by State Visited, 2017-2024",9,Publication Table DTS 2024 (1).xlsx
Sabah,2019,22035,FALSE,Domestic Tourism Survey 2024: Publication Tables,"Table 9: Number of Domestic Visitors by State Visited, 2017-2024",9,Publication Table DTS 2024 (1).xlsx
Sabah,2020,10337,FALSE,Domestic Tourism Survey 2024: Publication Tables,"Table 9: Number of Domestic Visitors by State Visited, 2017-2024",9,Publication Table DTS 2024 (1).xlsx
Sabah,2021,3815.016,FALSE,Domestic Tourism Survey 2024: Publication Tables,"Table 9: Number of Domestic Visitors by State Visited, 2017-2024",9,Publication Table DTS 2024 (1).xlsx
Sabah,2022,12589.005,FALSE,Domestic Tourism Survey 2024: Publication Tables,"Table 9: Number of Domestic Visitors by State Visited, 2017-2024",9,Publication Table DTS 2024 (1).xlsx
Sabah,2023,16080.074,FALSE,Domestic Tourism Survey 2024: Publication Tables,"Table 9: Number of Domestic Visitors by State Visited, 2017-2024",9,Publication Table DTS 2024 (1).xlsx
Sabah,2024,20591.813,FALSE,Domestic Tourism Survey 2024: Publication Tables,"Table 9: Number of Domestic Visitors by State Visited, 2017-2024",9,Publication Table DTS 2024 (1).xlsx
Sarawak,2017,17670.3474462916,FALSE,Domestic Tourism Survey 2024: Publication Tables,"Table 9: Number of Domestic Visitors by State Visited, 2017-2024",9,Publication Table DTS 2024 (1).xlsx
Sarawak,2018,19380.2301990599,FALSE,Domestic Tourism Survey 2024: Publication Tables,"Table 9: Number of Domestic Visitors by State Visited, 2017-2024",9,Publication Table DTS 2024 (1).xlsx
Sarawak,2019,19793,FALSE,Domestic Tourism Survey 2024: Publication Tables,"Table 9: Number of Domestic Visitors by State Visited, 2017-2024",9,Publication Table DTS 2024 (1).xlsx
Sarawak,2020,9393,FALSE,Domestic Tourism Survey 2024: Publication Tables,"Table 9: Number of Domestic Visitors by State Visited, 2017-2024",9,Publication Table DTS 2024 (1).xlsx
Sarawak,2021,6510.9,FALSE,Domestic Tourism Survey 2024: Publication Tables,"Table 9: Number of Domestic Visitors by State Visited, 2017-2024",9,Publication Table DTS 2024 (1).xlsx
Sarawak,2022,15464.621,FALSE,Domestic Tourism Survey 2024: Publication Tables,"Table 9: Number of Domestic Visitors by State Visited, 2017-2024",9,Publication Table DTS 2024 (1).xlsx
Sarawak,2023,17901.19,FALSE,Domestic Tourism Survey 2024: Publication Tables,"Table 9: Number of Domestic Visitors by State Visited, 2017-2024",9,Publication Table DTS 2024 (1).xlsx
Sarawak,2024,19625.552,FALSE,Domestic Tourism Survey 2024: Publication Tables,"Table 9: Number of Domestic Visitors by State Visited, 2017-2024",9,Publication Table DTS 2024 (1).xlsx
W.P. Kuala Lumpur,2017,19049.4424775752,FALSE,Domestic Tourism Survey 2024: Publication Tables,"Table 9: Number of Domestic Visitors by State Visited, 2017-2024",9,Publication Table DTS 2024 (1).xlsx
W.P. Kuala Lumpur,2018,19165.4971713709,FALSE,Domestic Tourism Survey 2024: Publication Tables,"Table 9: Number of Domestic Visitors by State Visited, 2017-2024",9,Publication Table DTS 2024 (1).xlsx
W.P. Kuala Lumpur,2019,22633,FALSE,Domestic Tourism Survey 2024: Publication Tables,"Table 9: Number of Domestic Visitors by State Visited, 2017-2024",9,Publication Table DTS 2024 (1).xlsx
W.P. Kuala Lumpur,2020,12435,FALSE,Domestic Tourism Survey 2024: Publication Tables,"Table 9: Number of Domestic Visitors by State Visited, 2017-2024",9,Publication Table DTS 2024 (1).xlsx
W.P. Kuala Lumpur,2021,9116.005,FALSE,Domestic Tourism Survey 2024: Publication Tables,"Table 9: Number of Domestic Visitors by State Visited, 2017-2024",9,Publication Table DTS 2024 (1).xlsx
W.P. Kuala Lumpur,2022,16912.534,FALSE,Domestic Tourism Survey 2024: Publication Tables,"Table 9: Number of Domestic Visitors by State Visited, 2017-2024",9,Publication Table DTS 2024 (1).xlsx
W.P. Kuala Lumpur,2023,22232.643,FALSE,Domestic Tourism Survey 2024: Publication Tables,"Table 9: Number of Domestic Visitors by State Visited, 2017-2024",9,Publication Table DTS 2024 (1).xlsx
W.P. Kuala Lumpur,2024,26982.957,FALSE,Domestic Tourism Survey 2024: Publication Tables,"Table 9: Number of Domestic Visitors by State Visited, 2017-2024",9,Publication Table DTS 2024 (1).xlsx
W.P. Labuan,2017,381.004767748,FALSE,Domestic Tourism Survey 2024: Publication Tables,"Table 9: Number of Domestic Visitors by State Visited, 2017-2024",9,Publication Table DTS 2024 (1).xlsx
W.P. Labuan,2018,544.932022066991,FALSE,Domestic Tourism Survey 2024: Publication Tables,"Table 9: Number of Domestic Visitors by State Visited, 2017-2024",9,Publication Table DTS 2024 (1).xlsx
W.P. Labuan,2019,524,FALSE,Domestic Tourism Survey 2024: Publication Tables,"Table 9: Number of Domestic Visitors by State Visited, 2017-2024",9,Publication Table DTS 2024 (1).xlsx
W.P. Labuan,2020,107,FALSE,Domestic Tourism Survey 2024: Publication Tables,"Table 9: Number of Domestic Visitors by State Visited, 2017-2024",9,Publication Table DTS 2024 (1).xlsx
W.P. Labuan,2021,53.899,FALSE,Domestic Tourism Survey 2024: Publication Tables,"Table 9: Number of Domestic Visitors by State Visited, 2017-2024",9,Publication Table DTS 2024 (1).xlsx
W.P. Labuan,2022,243.695,FALSE,Domestic Tourism Survey 2024: Publication Tables,"Table 9: Number of Domestic Visitors by State Visited, 2017-2024",9,Publication Table DTS 2024 (1).xlsx
W.P. Labuan,2023,331.36,FALSE,Domestic Tourism Survey 2024: Publication Tables,"Table 9: Number of Domestic Visitors by State Visited, 2017-2024",9,Publication Table DTS 2024 (1).xlsx
W.P. Labuan,2024,449.63,FALSE,Domestic Tourism Survey 2024: Publication Tables,"Table 9: Number of Domestic Visitors by State Visited, 2017-2024",9,Publication Table DTS 2024 (1).xlsx
W.P. Putrajaya,2017,1871.85768356933,FALSE,Domestic Tourism Survey 2024: Publication Tables,"Table 9: Number of Domestic Visitors by State Visited, 2017-2024",9,Publication Table DTS 2024 (1).xlsx
W.P. Putrajaya,2018,1891.90699333668,FALSE,Domestic Tourism Survey 2024: Publication Tables,"Table 9: Number of Domestic Visitors by State Visited, 2017-2024",9,Publication Table DTS 2024 (1).xlsx
W.P. Putrajaya,2019,1949,FALSE,Domestic Tourism Survey 2024: Publication Tables,"Table 9: Number of Domestic Visitors by State Visited, 2017-2024",9,Publication Table DTS 2024 (1).xlsx
W.P. Putrajaya,2020,451,FALSE,Domestic Tourism Survey 2024: Publication Tables,"Table 9: Number of Domestic Visitors by State Visited, 2017-2024",9,Publication Table DTS 2024 (1).xlsx
W.P. Putrajaya,2021,223.006,FALSE,Domestic Tourism Survey 2024: Publication Tables,"Table 9: Number of Domestic Visitors by State Visited, 2017-2024",9,Publication Table DTS 2024 (1).xlsx
W.P. Putrajaya,2022,1305.808,FALSE,Domestic Tourism Survey 2024: Publication Tables,"Table 9: Number of Domestic Visitors by State Visited, 2017-2024",9,Publication Table DTS 2024 (1).xlsx
W.P. Putrajaya,2023,1900.379,FALSE,Domestic Tourism Survey 2024: Publication Tables,"Table 9: Number of Domestic Visitors by State Visited, 2017-2024",9,Publication Table DTS 2024 (1).xlsx
W.P. Putrajaya,2024,2556.836,FALSE,Domestic Tourism Survey 2024: Publication Tables,"Table 9: Number of Domestic Visitors by State Visited, 2017-2024",9,Publication Table DTS 2024 (1).xlsx
Total,2017,205408.349313615,TRUE,Domestic Tourism Survey 2024: Publication Tables,"Table 9: Number of Domestic Visitors by State Visited, 2017-2024",9,Publication Table DTS 2024 (1).xlsx
Total,2018,221272.480734,TRUE,Domestic Tourism Survey 2024: Publication Tables,"Table 9: Number of Domestic Visitors by State Visited, 2017-2024",9,Publication Table DTS 2024 (1).xlsx
Total,2019,239121,TRUE,Domestic Tourism Survey 2024: Publication Tables,"Table 9: Number of Domestic Visitors by State Visited, 2017-2024",9,Publication Table DTS 2024 (1).xlsx
Total,2020,131660,TRUE,Domestic Tourism Survey 2024: Publication Tables,"Table 9: Number of Domestic Visitors by State Visited, 2017-2024",9,Publication Table DTS 2024 (1).xlsx
Total,2021,65975.955,TRUE,Domestic Tourism Survey 2024: Publication Tables,"Table 9: Number of Domestic Visitors by State Visited, 2017-2024",9,Publication Table DTS 2024 (1).xlsx
Total,2022,171602.963,TRUE,Domestic Tourism Survey 2024: Publication Tables,"Table 9: Number of Domestic Visitors by State Visited, 2017-2024",9,Publication Table DTS 2024 (1).xlsx
Total,2023,213743.529,TRUE,Domestic Tourism Survey 2024: Publication Tables,"Table 9: Number of Domestic Visitors by State Visited, 2017-2024",9,Publication Table DTS 2024 (1).xlsx
Total,2024,260125.842,TRUE,Domestic Tourism Survey 2024: Publication Tables,"Table 9: Number of Domestic Visitors by State Visited, 2017-2024",9,Publication Table DTS 2024 (1).xlsx
